1 1 |The Day I Became a Shinigami| |9 Sep. 2006| 7.701234567891
1 2 |A Shinigami's Work| |12 Oct. 2004| 7.701234567891
1 3 |The Older Brother's Wish  the Younger Sister's Wish| |19 Oct. 2004| 7.701234567891
1 4 |And Your Bird Can Speak| |26 Oct. 2004| 7.901234567891
1 5 |Beat the Invisible Enemy!| |2 Nov. 2004| 7.901234567891
1 6 |Fight to the Death! Ichigo vs. Ichigo| |9 Nov. 2004| 7.801234567891
1 7 |Greetings from a Stuffed Toy| |16 Nov. 2004| 7.801234567891
1 8 |June 17  a Memory of Rain| |23 Nov. 2004| 7.801234567891
1 9 |Unbeatable Enemy| |30 Nov. 2004| 8.101234567891
1 10 |Assault on Trip at Sacred Ground!| |7 Dec. 2004| 7.501234567891
1 11 |The Legendary Quincy| |14 Dec. 2004| 7.801234567891
1 12 |A Gentle Right Arm| |21 Dec. 2004| 7.901234567891
1 13 |Flower and Hollow| |28 Dec. 2004| 7.901234567891
1 14 |Back to Back  a Fight to the Death!| |11 Jan. 2005| 8.201234567891
1 15 |Kon's Great Plan| |18 Jan. 2005| 7.601234567891
1 16 |Encounter: Abarai Renji!| |25 Jan. 2005| 8.201234567891
1 17 |Ichigo Dies!| |1 Feb. 2005| 8.401234567891
1 18 |Torimodose! Shinigami no chikara!| |8 Feb. 2005| 8.201234567891
1 19 |bad tite encoding| |15 Feb. 2005| 8.301234567891
1 20 |Ichimaru Gin no kage| |22 Feb. 2005| 8.201234567891
1 21 |bad tite encoding| |1 Mar. 2005| 8.101234567891
1 22 |Shinigami o nikumu otoko| |8 Mar. 2005| 7.501234567891
1 23 |Rukia shokei  14-ka mae| |15 Mar. 2005| 7.701234567891
1 24 |bad tite encoding| |22 Mar. 2005| 7.701234567891
1 25 |bad tite encoding| |29 Mar. 2005| 7.701234567891
1 26 |Kessei! Saiaku no taggu| |5 Apr. 2005| 8.001234567891
1 27 |Hissatsu no ichigeki o hanate!| |12 Apr. 2005| 8.001234567891
1 28 |Nerawareta Orihime| |19 Apr. 2005| 7.801234567891
1 29 |bad tite encoding| |26 Apr. 2005| 7.901234567891
1 30 |Tachihadakaru Renji| |3 May 2005| 8.101234567891
1 31 |Kiru tame no kakugo| |10 May 2005| 8.401234567891
1 32 |Hoshi to norainu| |17 May 2005| 8.301234567891
1 33 |bad tite encoding| |24 May 2005| 6.801234567891
1 34 |Yoake no sangeki| |31 May 2005| 8.001234567891
1 35 |Aizen ansatsu! Shinobiyoru yami| |7 Jun. 2005| 8.101234567891
1 36 |Zaraki Kenpachi  semaru!| |14 Jun. 2005| 8.401234567891
1 37 |bad tite encoding| |21 Jun. 2005| 8.001234567891
1 38 |Zettai zetsumei! Orareta Zangetsu| |28 Jun. 2005| 8.501234567891
1 39 |Fujimi no otoko| |5 Jul. 2005| 8.801234567891
1 40 |Ganju no mita Shinigami| |12 Jul. 2005| 8.101234567891
1 41 |Saikai  Ichigo to Rukia| |19 Jul. 2005| 8.601234567891
1 42 |Sunshin Yoruichi  mau!| |26 Jul. 2005| 8.001234567891
1 43 |Hiretsuna Shinigami| |2 Aug. 2005| 8.301234567891
1 44 |Ishida  kyokugen no chikara!| |9 Aug. 2005| 8.601234567891
1 45 |Genkai o koero!| |16 Aug. 2005| 7.801234567891
1 46 |bad tite encoding| |23 Aug. 2005| 7.601234567891
1 47 |Adautsu monotachi| |30 Aug. 2005| 8.301234567891
1 48 |Hitsugaya  hoeru| |6 Sep. 2005| 8.101234567891
1 49 |Rukia no akumu| |13 Sep. 2005| 8.001234567891
1 50 |Yomigaeru shishi| |20 Sep. 2005| 6.401234567891
1 51 |Shokei no asa| |27 Sep. 2005| 8.001234567891
1 52 |bad tite encoding| |4 Oct. 2005| 8.801234567891
1 53 |bad tite encoding| |4 Oct. 2005| 8.601234567891
1 54 |Hatasareru chikai! Rukia dakkan naruka!| |18 Oct. 2005| 9.001234567891
1 55 |bad tite encoding| |25 Oct. 2005| 8.201234567891
1 56 |bad tite encoding| |1 Nov. 2005| 8.401234567891
1 57 |Senbonzakura  funsai! Ten wo tsuku Zangetsu| |8 Nov. 2005| 8.401234567891
1 58 |bad tite encoding| |15 Nov. 2005| 8.801234567891
1 59 |bad tite encoding| |22 Nov. 2005| 9.001234567891
1 60 |bad tite encoding| |6 Dec. 2005| 8.601234567891
1 61 |bad tite encoding| |13 Dec. 2005| 8.801234567891
1 62 |bad tite encoding| |20 Dec. 2005| 8.901234567891
1 63 |Rukia no ketsui  Ichigo no omoi| |10 Jan. 2006| 7.901234567891
1 64 |Shingakki  gense ni Renji ga yate kita!?| |17 Jan. 2006| 7.201234567891
1 65 |bad tite encoding| |24 Jan. 2006| 7.301234567891
1 66 |bad tite encoding| |31 Jan. 2006| 7.301234567891
1 67 |bad tite encoding| |7 Feb. 2006| 7.401234567891
1 68 |bad tite encoding| |14 Feb. 2006| 7.301234567891
1 69 |bad tite encoding| |14 Feb. 2006| 7.701234567891
1 70 |bad tite encoding| |21 Feb. 2006| 7.501234567891
1 71 |bad tite encoding| |7 Mar. 2006| 7.301234567891
1 72 |bad tite encoding| |14 Mar. 2006| 7.201234567891
1 73 |bad tite encoding| |28 Mar. 2006| 7.301234567891
1 74 |Eien o ikiru ichizoku no kioku| |28 Mar. 2006| 7.101234567891
1 75 |bad tite encoding| |4 Apr. 2006| 7.401234567891
1 76 |bad tite encoding| |4 Apr. 2006| 7.501234567891
1 77 |Kie nu on'nen! Kenpachi ga kitta Shinigami| |11 Apr. 2006| 7.101234567891
1 78 |bad tite encoding| |2 May 2006| 7.201234567891
1 79 |Yoshino  shi o kaketa omoi| |9 May 2006| 7.301234567891
1 80 |bad tite encoding| |16 May 2006| 7.101234567891
1 81 |Hitsugaya ugoku! Osowareta machi| |23 May 2006| 7.201234567891
1 82 |Ichigo VS Daruku! Shiroki yami no shutsugen| |30 May 2006| 7.501234567891
1 83 |bad tite encoding| |6 Jun. 2006| 7.201234567891
1 84 |bad tite encoding| |13 Jun. 2006| 7.101234567891
1 85 |bad tite encoding| |13 Jun. 2006| 7.201234567891
1 86 |Rangiku mau! Mienai teki o kire| |20 Jun. 2006| 7.401234567891
1 87 |bad tite encoding| |4 Jul. 2006| 7.201234567891
1 88 |bad tite encoding| |11 Jul. 2006| 7.101234567891
1 89 |Saisen!? Ishida VS Nemu| |18 Jul. 2006| 7.201234567891
1 90 |bad tite encoding| |25 Jul. 2006| 7.301234567891
1 91 |bad tite encoding| |1 Aug. 2006| 7.301234567891
1 92 |bad tite encoding| |8 Aug. 2006| 7.001234567891
1 93 |bad tite encoding| |15 Aug. 2006| 7.301234567891
1 94 |Hitsugaya no ketsui! Gekitotsu no toki semaru| |22 Aug. 2006| 7.201234567891
1 95 |Byakuya shutsujin! Kaze o saku sakura no mai| |5 Sep. 2006| 7.501234567891
1 96 |Ichigo - Byakuya - Kariya  sankyoku no tatakai!| |12 Sep. 2006| 7.601234567891
1 97 |Hitsugaya shutsugeki! Mori nonaka no teki okire| |19 Sep. 2006| 7.301234567891
1 98 |Gekitotsu! Zaraki Kenpachi VS Ichinose Maki| |4 Oct. 2006| 8.101234567891
1 99 |bad tite encoding| |11 Oct. 2006| 7.101234567891
1 100 |bad tite encoding| |18 Oct. 2006| 7.501234567891
1 101 |Mayuri Bankai! Sawatari: Akuma no gekitotsu| |1 Nov. 2006| 7.501234567891
1 102 |bad tite encoding| |8 Nov. 2006| 7.301234567891
1 103 |Ishida  genkai okoete ute!| |15 Nov. 2006| 7.301234567891
1 104 |bad tite encoding| |7 Mar. 2009| 7.401234567891
1 105 |Kariya! Bakuhatsu eno kauntodaun| |29 Nov. 2006| 7.301234567891
1 106 |bad tite encoding| |21 Mar. 2009| 7.401234567891
1 107 |Furi orosareta ha! Hametsu no shunkan| |28 Mar. 2009| 7.301234567891
1 108 |bad tite encoding| |4 Apr. 2009| 7.501234567891
1 109 |Ichigo to Rukia  kaiten suru omoi| |11 Apr. 2009| 7.101234567891
1 110 |bad tite encoding| |10 Jan. 2007| 7.801234567891
1 111 |bad tite encoding| |17 Jan. 2007| 7.801234567891
1 112 |Tatakai no hajimari  kamen no gunzei to arankaru| |24 Jan. 2007| 7.701234567891
1 113 |bad tite encoding| |31 Jan. 2007| 7.801234567891
1 114 |Saikai  Ichigo to Rukia to Shinigami tachi| |7 Feb. 2007| 7.901234567891
1 115 |Tokumei! Yattekita Shinigami tachi| |14 Feb. 2007| 7.901234567891
1 116 |Ashiki hitomi  Aizen futatabi| |21 Feb. 2007| 8.101234567891
1 117 |bad tite encoding| |28 Feb. 2007| 7.901234567891
1 118 |Ikkaku bankai! Subete o kudaku chikara| |7 Mar. 2007| 8.501234567891
1 119 |Zaraki-tai hiwa! Tsuiteru otoko-tachi| |21 Mar. 2007| 8.501234567891
1 120 |Hitsugaya chiru! Kudaketa Hyorinmaru| |28 Mar. 2007| 7.801234567891
2 1 |Clash! The Protector Vs. the Bearer| |30 May 2009| 8.101234567891
2 2 |Vizard! The Power of the Awakened| |18 Apr. 2007| 7.801234567891
2 3 |Ichigo  Complete Hollowification?!| |25 Apr. 2007| 8.201234567891
2 4 |Clash! The Black Bankai and the White Bankai| |2 May 2007| 8.101234567891
2 5 |Urgent Report! Aizen's Terrifying Plan!| |9 May 2007| 8.001234567891
2 6 |Uryu vs. Ryuken! Clash of the Parent-Child Quincies| |20 Jun. 2009| 7.801234567891
2 7 |Urahara's Decision  Orihime's Thoughts| |30 May 2007| 7.701234567891
2 8 |The Nightmare Arrancar! Team Hitsugaya Moves Out| |6 Jun. 2007| 7.601234567891
3 1 |Hitsugaya  Karin and Soccer Ball| |4 Jul. 2007| 7.801234567891
3 2 |Ikkaku's Hot-Blooded Kendo Tale| |11 Jul. 2007| 7.701234567891
3 3 |The Beautiful Patissier  Yumichika!| |18 Jul. 2007| 7.301234567891
3 4 |Kon Is Deceived! Rangiku on the Lookout..| |25 Jul. 2007| 7.301234567891
3 5 |Civil War in Hueco Mondo! Ulquiorra's Death| |8 Aug. 2007| 7.701234567891
3 6 |The Malicious Battle  Aizen's Trap| |22 Aug. 2007| 7.801234567891
3 7 |Hueco Mondo Moves Again! Hitsugaya vs. Yammy| |29 Aug. 2007| 7.901234567891
3 8 |Ichigo vs. Grimmjow  the 11-second Battle| |5 Sep. 2007| 9.001234567891
3 9 |Ulquiorra's Scheme  the Moment When the Sun Sets| |12 Sep. 2007| 8.701234567891
3 10 |Goodbye...  Kurosaki-kun| |19 Sep. 2007| 8.701234567891
3 11 |Strict Order! The Forbidden Rescue of Orihime Inoue| |15 Aug. 2009| 8.101234567891
3 12 |Grimmjow Revived| |22 Aug. 2009| 8.101234567891
3 13 |Ishida and Chad  the Quickening of a New Power| |22 Aug. 2009| 8.101234567891
3 14 |The Espada Gather! Aizen's Royal Assembly| |29 Aug. 2009| 7.801234567891
3 15 |The Name Is Nel! The Appearance of the Strange Arrancar| |31 Oct. 2007| 8.401234567891
3 16 |Forest of Menos! Search for the Missing Rukia| |12 Sep. 2009| 7.801234567891
3 17 |Ashido  the Soul Reaper Who Came from the Past| |12 Sep. 2009| 7.601234567891
3 18 |Through the Crumbling Forest  a Million Menos| |19 Sep. 2009| 7.801234567891
3 19 |Oath! Back Here Alive Again| |19 Sep. 2009| 7.801234567891
3 20 |The Raging Storm! Encounter with the Dancing Arrancar| |26 Sep. 2009| 7.801234567891
4 1 |Ichigo Strikes Back! This Is My Bankai| |12 Dec. 2007| 8.301234567891
4 2 |The Devilish Research! Szayel Aporro's Plan| |19 Dec. 2007| 8.001234567891
4 3 |Rukia to Kaien  kanashimi no saikai| |26 Dec. 2007| 8.201234567891
4 4 |Rukia hangeki! Kesshi no kidou o hanate| |9 Jan. 2008| 8.001234567891
4 5 |Ishida & Pesche  the United Attack of Friendship| |16 Jan. 2008| 7.801234567891
4 6 |Ishida's Trump Card  Seele Schneider| |23 Jan. 2008| 7.901234567891
4 7 |Right Arm of the Giant  Left Arm of the Devil| |17 Oct. 2009| 8.201234567891
4 8 |Yasutora Sado Dies! Orihime's Tears| |6 Feb. 2008| 7.801234567891
4 9 |Testament  Your Heart Is Right Here...| |24 Oct. 2009| 8.101234567891
4 10 |The Cruel Arrancar  Ulquiorra's Provocation| |20 Feb. 2008| 8.101234567891
4 11 |Szayel Aporro Laughs  the Net Trapping Renji Is Complete| |31 Oct. 2009| 8.601234567891
4 12 |Shinigami and Quincy  the Battle of Madness| |7 Nov. 2009| 8.101234567891
4 13 |Ishida's Strategy  the 20-second Offense and Defense| |7 Nov. 2009| 8.501234567891
4 14 |Murderous Intent! The Joyful Grimmjow| |14 Nov. 2009| 8.301234567891
4 15 |Desperate Effort vs. Desperate Effort! The Hollowized Ichigo| |14 Nov. 2009| 9.101234567891
4 16 |The Moment of Conclusion  the End of Grimmjow| |21 Nov. 2009| 8.601234567891
5 1 |The New Captain Appears! His Name Is Shusuke Amagai| |28 Aug. 2010| 7.601234567891
5 2 |New Development  the Dangerous Transfer Student Appears!| |7 May 2008| 7.001234567891
5 3 |Desperate Struggle Under the Moonlit Night  the Mysterious Assassin and Zanpakuto| |11 Sep. 2010| 6.701234567891
5 4 |The Profusion of Blooming Flowers| |18 Sep. 2010| 6.901234567891
5 5 |Kibune Goes to War! The Violent Wind That Rages| |25 Sep. 2010| 6.801234567891
5 6 |The Appearance of the Great Evil! The Darkness in the House of Kasumioji| |2 Oct. 2010| 7.001234567891
5 7 |Break the Mirror's Boundary! Ichigo's Captivity| |9 Oct. 2010| 7.101234567891
5 8 |The Revenging Assassin  Ichigo Is Targeted| |16 Oct. 2010| 6.801234567891
5 9 |Mystery! The Sword-Consuming Assassin| |23 Oct. 2010| 6.801234567891
5 10 |The Reversal of Rukia! The Rampaging Blade| |30 Oct. 2010| 7.301234567891
5 11 |The Nightmare Which Is Shown  Ichigo's Inside the Mirror| |6 Nov. 2010| 7.401234567891
5 12 |Confrontation?! Amagai vs. Gotei 13| |13 Nov. 2010| 7.501234567891
5 13 |The Princess' Decision  the Sorrowful Bride| |20 Nov. 2010| 6.901234567891
5 14 |The 2nd Division Sorties! Ichigo Is Surrounded| |4 Dec. 2010| 7.201234567891
5 15 |Amagai's True Strength  Zanpakuto Is released!| |4 Dec. 2010| 7.501234567891
5 16 |The Darkness Which Moves! Kibune's True Colors| |11 Dec. 2010| 6.801234567891
5 17 |Kira and Kibune  Offense and Defense of the 3rd Division| |18 Dec. 2010| 7.301234567891
5 18 |Ice and Flame! Fierce Fight of Amagai vs. Hitsugaya| |1 Jan. 2011| 7.001234567891
5 19 |Sortie Orders! Suppress the House of Kasumioji| |8 Jan. 2011| 6.901234567891
5 20 |Ichigo Rages! The Assassin's Secret| |15 Jan. 2011| 7.301234567891
5 21 |Duel! Amagai vs. Ichigo| |22 Jan. 2011| 7.701234567891
5 22 |The Fallen Shinigami's Pride| |29 Jan. 2011| 7.601234567891
6 20 |The Swooping Descent of the Dark Emissary! The Propagation of Malice| |13 Jun. 2007| 7.301234567891
6 21 |The Invisible Enemy! Hitsugaya's Merciless Decision| |20 Jun. 2007| 7.501234567891
6 22 |Rangiku's Tears  the Sorrowful Parting of Brother and Sister| |27 Jun. 2007| 7.401234567891
10 1 |Hueco Mundo Chapter  Restart!| |5 Feb. 2011| 7.501234567891
10 2 |The Frightening Banquet  Szayel Aporro Theater| |12 Feb. 2011| 7.601234567891
10 3 |Nel's Secret  a Busty Beauty Joins the Battle!?| |19 Feb. 2011| 8.001234567891
10 4 |Irresistible  Puppet Show of Terror| |26 Feb. 2011| 7.701234567891
10 5 |Nelliel's Past| |5 Mar. 2011| 8.301234567891
10 6 |The Ultimate Union! Pesche's Seriousness| |12 Mar. 2011| 8.201234567891
10 7 |Joining the Battle! The Strongest Shinigami Army Appears| |20 Mar. 2011| 8.501234567891
10 8 |Byakuya's Bankai  the Quiet Anger| |26 Mar. 2011| 8.301234567891
10 9 |The Two Scientists  Mayuri's Trap| |2 Apr. 2011| 7.801234567891
10 10 |Holy Birth  the Resurrected Szayel Aporro| |9 Apr. 2011| 8.201234567891
10 11 |The Hardest Body!? Cut Down Nnoitra| |17 Apr. 2011| 8.501234567891
10 12 |Nnoitra Released! Multiplying Arms| |24 Apr. 2011| 8.801234567891
10 13 |Fierce Fighting Conclusion! Who's the Strongest?| |30 Apr. 2011| 8.501234567891
10 14 |Karakura Town Gathers! Aizen Versus the Soul Reapers| |7 May 2011| 8.301234567891
10 15 |Ichigo's Seppuku Persuasion Strategy| |14 May 2011| 6.501234567891
10 16 |Thump! A Kemari Tournament Filled with Hollows| |21 May 2011| 6.801234567891
11 1 |The Past Chapter Begins! The Truth from 110 Years Ago| |28 May 2011| 8.101234567891
11 2 |12th Division's New Captain  Kisuke Urahara| |4 Jun. 2011| 8.001234567891
11 3 |Aizen and the Genius Boy| |11 Jun. 2011| 8.101234567891
11 4 |Muguruma 9th Division  Moves Out| |18 Jun. 2011| 8.001234567891
11 5 |Hiyori Dies? The Beginning of Tragedy| |25 Jun. 2011| 8.101234567891
11 6 |Betrayal! Aizen's Secret Maneuvers| |2 Jul. 2011| 8.501234567891
11 7 |Rescue Hirako! Aizen vs. Urahara| |9 Jul. 2011| 8.701234567891
12 1 |The Soul Burial Detective  Karakura Riser Is Born| |16 Jul. 2011| 6.701234567891
12 2 |bad tite encoding| |23 Jul. 2011| 6.901234567891
12 3 |Defend Karakura Town! Entire Appearance of the Shinigami| |30 Jul. 2011| 8.301234567891
12 4 |Elite! The Four Shinigami| |6 Aug. 2011| 8.301234567891
12 5 |Beautiful Little Devil Charlotte| |13 Aug. 2011| 7.301234567891
12 6 |Kira  the Battle Within Despair| |20 Aug. 2011| 7.801234567891
12 7 |Hisagi's Shikai! The Name Is...| |27 Aug. 2011| 8.701234567891
12 8 |Ikkaku Falls! The Shinigami's Crisis| |3 Sep. 2011| 7.701234567891
12 9 |The Full Showdown! Shinigami vs. Espada| |10 Sep. 2011| 8.501234567891
12 10 |The Most Evil Tag!? Soifon & Omaeda| |17 Sep. 2011| 7.601234567891
12 11 |A Miraculous Body! Ggio Releases| |24 Sep. 2011| 7.901234567891
12 12 |3 vs. 1 Battle! Rangiku's Crisis| |1 Oct. 2011| 7.901234567891
12 13 |All Lieutenants Annihilated! The Terrifying Demonic Beast| |8 Oct. 2011| 8.001234567891
12 14 |Fierce Fighting Concludes? Towards a New Battle!| |15 Oct. 2011| 8.501234567891
12 15 |Wonderful Error| |22 Oct. 2011| 7.001234567891
12 16 |Summer! Sea! Swimsuit Festival!!| |29 Oct. 2011| 7.301234567891
12 17 |Cry of the Soul? The Rug Shinigami is Born!| |5 Nov. 2011| 7.301234567891
13 1 |A New Enemy! The Materialization of Zanpakuto| |12 Nov. 2011| 8.001234567891
13 2 |Byakuya  Disappearing with the Cherry Blossoms| |4 Aug. 2009| 7.601234567891
13 3 |Sode no Shirayuki vs. Rukia! Confused Heart| |26 Nov. 2011| 7.701234567891
13 4 |Zangetsu Becomes an Enemy| |3 Dec. 2011| 7.901234567891
13 5 |Renji Surprised?! The Two Zabimarus| |25 Aug. 2009| 7.901234567891
13 6 |Clash! Hisagi vs. Kazeshini| |1 Sep. 2009| 8.001234567891
13 7 |Release! The New Getsuga Tensho| |7 Jan. 2012| 8.101234567891
13 8 |Soi Fon  Surrounding the Zanpakuto| |15 Sep. 2009| 7.601234567891
13 9 |Friendship? Hatred? Haineko & Tobiume| |21 Jan. 2012| 7.701234567891
13 10 |The Awakening Hyorinmaru! Hitsugaya's Fierce Fight| |28 Jan. 2012| 8.001234567891
13 11 |Byakuya's Betrayal| |11 Feb. 2012| 7.801234567891
13 12 |For the Sake of Pride! Byakuya vs. Renji| |18 Feb. 2012| 7.401234567891
13 13 |Shinigami and Zanpakuto  Total Sortie| |25 Feb. 2012| 7.701234567891
13 14 |One-to-One Fight! Ichigo vs. Senbonzakura| |3 Mar. 2012| 7.701234567891
13 15 |The Long Awaited... Kenpachi Appears!| |3 Nov. 2009| 7.801234567891
13 16 |Pursue Byakuya! The Confused Gotei Divisions| |17 Mar. 2012| 7.601234567891
13 17 |Special Mission! Rescue Captain Commander Yamamoto!| |24 Mar. 2012| 7.301234567891
13 18 |Deceived Shinigami! The World Collapse Crisis| |31 Mar. 2012| 7.501234567891
13 19 |Dragon of Ice and Dragon of Flame! The Strongest Showdown!| |7 Apr. 2012| 7.801234567891
13 20 |Senbonzakura's Bankai! Offense and Defense of the Living World| |14 Apr. 2012| 7.601234567891
13 21 |That Man  for the Sake of the Kuchiki| |21 Apr. 2012| 7.301234567891
13 22 |Dark History! The Worst Shinigami Is Born| |28 Apr. 2012| 7.301234567891
13 23 |Byakuya  the Truth Behind His Betrayal| |5 May 2012| 7.401234567891
13 24 |Muramasa's True Identity Revealed| |12 May 2012| 7.401234567891
13 25 |Byakuya and Renji  the 6th Division Returns| |19 May 2012| 7.201234567891
13 26 |Final Chapter - Zanpakuto the Alternate Tale| |26 May 2012| 7.201234567891
13 27 |The Angered Byakuya! The Collapse of the Kuchiki House| |2 Jun. 2012| 6.801234567891
13 28 |A New Enemy! The True Nature of the Sword Fiends| |9 Jun. 2012| 6.601234567891
13 29 |Stray Snake  Tortured Monkey| |16 Jun. 2012| 6.701234567891
13 30 |Terror! The Monster That Lurks Underground| |23 Jun. 2012| 6.601234567891
13 31 |Conclusion!? Hisagi vs. Kazeshini| |30 Jun. 2012| 7.101234567891
13 32 |The Person with the Unknown Ability! Orihime Is Targeted| |7 Jul. 2012| 6.701234567891
13 33 |Haineko Cries! The Tragic Sword Fiend| |14 Jul. 2012| 6.701234567891
13 34 |Imprisonment?! Senbonzakura & Zabimaru| |21 Jul. 2012| 7.301234567891
13 35 |Battle of the Females? Katen Kyokotsu vs. Nanao!| |28 Jul. 2012| 6.501234567891
13 36 |Evolution?! The Menace of the Final Sword Fiend| |4 Aug. 2012| 6.501234567891
14 1 |Ichigo vs. Ulquiorra  Restart| |11 Aug. 2012| 7.901234567891
14 2 |Connected Hearts! The Left Fist of Certain Death| |18 Aug. 2012| 8.301234567891
14 3 |Hatred and Jealousy  Orihime's Dilemma| |25 Aug. 2012| 8.301234567891
14 4 |Ichigo and Uryu  Bonded Back to Back| |1 Sep. 2012| 8.501234567891
14 5 |Beginning of Despair... Ichigo  the Unreachable Blade| |8 Sep. 2012| 8.601234567891
14 6 |Ichigo Dies! Orihime  the Cry of Sorrow!| |15 Sep. 2012| 9.401234567891
14 7 |Ichigo vs. Ulquiorra  Conclusion!| |22 Sep. 2012| 8.901234567891
14 8 |Fury of the Shark! Harribel's Release| |29 Sep. 2012| 8.301234567891
14 9 |Hitsugaya  the Desperate Hyoten Hyakkaso!| |6 Oct. 2012| 8.201234567891
14 10 |The Approaching Breath of Death  the King Who Rules Over Death!| |13 Oct. 2012| 8.401234567891
14 11 |One Hit Kill  Soifon  Bankai!| |20 Oct. 2012| 8.101234567891
14 12 |Climax! Kyoraku vs. Starrk!| |27 Oct. 2012| 7.801234567891
14 13 |The Nightmare Returns... Revival of the Espada| |3 Nov. 2012| 8.301234567891
14 14 |Hirako and Aizen... The Reunion of Fate!| |10 Nov. 2012| 8.201234567891
14 15 |Hisagi and Tosen  the Moment of Parting| |17 Nov. 2012| 8.201234567891
14 16 |Crown of Lies  Barragan's Grudge| |24 Nov. 2012| 8.301234567891
14 17 |Power of the Soul! Los Lobos  Attack!| |26 Jan. 2013| 8.301234567891
14 18 |Starrk  the Lone Battle| |2 Feb. 2013| 8.301234567891
14 19 |Chain of Sacrifice  Harribel's Past| |9 Feb. 2013| 7.801234567891
14 20 |The Hundred-Year Grudge! Hiyori's Revenge| |16 Feb. 2012| 7.801234567891
14 21 |Ichigo's Return! Protect Karakura Town| |23 Feb. 2013| 7.901234567891
14 22 |Side Story! Ichigo and the Magic Lamp| |2 Mar. 2012| 6.601234567891
14 23 |The Final Trump Card! Ichigo  Towards the Decisive Battle| |14 Sep. 2010| 7.901234567891
14 24 |Byakuya vs. Kenpachi?! The Melee Commences| |17 Mar. 2013| 7.901234567891
14 25 |For the Sake of Justice?! The Man Who Deserted the Shinigami| |23 Mar. 2013| 7.701234567891
14 26 |Desperate Struggle with Aizen! Hirako  Shikai!| |30 Mar. 2013| 8.301234567891
14 27 |All Out War! Aizen vs. Shinigami| |4 Apr. 2013| 8.501234567891
14 28 |Hitsugaya  Enraged! Blade of Hatred!| |13 Apr. 2013| 8.801234567891
14 29 |Impossible to Attack? The Sealed Genryusai!| |20 Apr. 2013| 8.601234567891
14 30 |It's All a Trap... Engineered Bonds!| |27 Apr. 2013| 6.901234567891
14 31 |The Shocking Truth... The Mysterious Power Within Ichigo!| |4 May 2013| 7.701234567891
14 32 |The Extending Blade?! Ichigo vs. Gin!| |16 Nov. 2010| 8.201234567891
14 33 |Film! Festival! Shinigami Film Festival!| |23 Nov. 2010| 6.901234567891
14 34 |Theatre Opening Commemoration! Hell Chapter: Prologue| |25 May 2013| 7.101234567891
14 35 |Urahara Appears! Stop Aizen!| |1 Jun. 2013| 8.301234567891
14 36 |Ichigo Loses His Fighting Spirit!? Gin's Expectation!| |8 Jun. 2013| 8.401234567891
14 37 |The Final Getsuga Tensho!? Ichigo's Training!| |15 Jun. 2012| 7.801234567891
14 38 |Real World and Shinigami! The New Year Special| |23 Jun. 2013| 7.101234567891
14 39 |Gaiden Again! This Time's Enemy Is a Monster?| |29 Jun. 2013| 6.601234567891
14 40 |Delusion Roars! Hisagi  Towards the Hot Springs Inn!| |6 Jul. 2012| 7.201234567891
14 41 |For the Sake of Protecting! Ichigo vs. Tensa Zangetsu| |13 Jul. 2013| 7.601234567891
14 42 |Emergency Situation! Aizen  New Evolution!| |20 Jul. 2013| 8.801234567891
14 43 |Sayonara... Rangiku| |27 Jul. 2012| 8.801234567891
14 44 |Fierce Fighting Conclusion! Release  the Final Getsuga Tensho!| |3 Aug. 2013| 9.301234567891
14 45 |Ichigo's Resolution! The Price of the Fierce Battle| |10 Jul. 2013| 8.401234567891
14 46 |The Soul Detective! Karakuraizer Takes Off Again!| |17 Aug. 2013| 6.501234567891
14 47 |Inaguration! The Brand New 2nd Division Captain| |24 Aug. 2013| 6.901234567891
14 48 |The Man Who Risked His Life in the 11th Division| |7 Sep. 2013| 7.001234567891
14 49 |Kon Saw It! The Secret of a Beautiful Office Lady| |14 Sep. 2013| 6.401234567891
14 50 |Yachiru's Friend! The Shinigami of Justice Appears!| |21 Sep. 2013| 6.901234567891
14 51 |Toshiro Hitsugaya's Holiday| |28 Sep. 2013| 6.801234567891
15 1 |Unusual Incident in Seireitei?! Gotei 13 Invading Army Arc!| |5 Oct. 2013| 7.801234567891
15 2 |Renji vs. Rukia?! Battle with Comrades!| |12 Oct. 2013| 7.801234567891
15 3 |Ichigo's Capture Net! Escape from Soul Society!| |19 Oct. 2013| 7.401234567891
15 4 |Gotei 13  Gathering in the Real World!| |26 Oct. 2013| 7.301234567891
15 5 |Showdown of Mutual Self  Ikkaku vs. Ikkaku!| |2 Nov. 2013| 7.501234567891
15 6 |Clash! Rukia vs. Rukia!| |9 Nov. 2013| 7.701234567891
15 7 |Protect Ichigo! Nozomi's Determination| |16 Nov. 2013| 7.601234567891
15 8 |Recapture Seireitei! The Captains Move!| |23 Nov. 2013| 7.701234567891
15 9 |For the Sake of the Believers! Byakuya vs. Hitsugaya!| |30 Nov. 2013| 7.401234567891
15 10 |The Two Hinamori  Hitsugaya's Resolution| |4 Jan. 2014| 7.401234567891
15 11 |Pride of the Kuchiki Family! Byakuya vs. Byakuya!| |11 Jan. 2014| 7.601234567891
15 12 |Defeat Kageroza! Shinigami  All-Out War!| |18 Jan. 2014| 7.701234567891
15 13 |The Forbidden Research... Nozomi's Hidden Secret!| |25 Jan. 2014| 7.701234567891
15 14 |I Want to Live... Nozomi's Zanpakuto| |1 Feb. 2014| 7.501234567891
15 15 |For the Sake of Fighting! The Awakened Nozomi!| |8 Feb. 2014| 7.701234567891
15 16 |The Most Evil Reigai  Appears in the Real World!| |15 Feb. 2014| 7.701234567891
15 17 |Destroy Nozomi?! Genrysai's Decision| |22 Feb. 2014| 7.501234567891
15 18 |The Depleting Reiatsu! Ichigo  Death Struggle of the Soul!| |1 Mar. 2014| 8.101234567891
15 19 |Hiding in the Dangai? Another Ichigo?!| |8 Mar. 2014| 7.901234567891
15 20 |Pursue Kageroza! Technological Development Department  Infiltration!| |15 Mar. 2014| 7.901234567891
15 21 |The Developer of the Modified Souls| |22 Mar. 2014| 7.801234567891
15 22 |Kon's Thoughts  Nozomi's Thoughts| |29 Mar. 2014| 7.601234567891
15 23 |Protect Ichigo! The Bonds of Friends!| |5 Apr. 2014| 7.801234567891
15 24 |Reigai vs. Original! The Fierce Fighting for Gambled Pride!| |12 Apr. 2014| 8.201234567891
15 25 |Invading Army Arc  Final Conclusion!| |19 Apr. 2014| 8.401234567891
15 26 |Thank You| |26 Apr. 2014| 9.001234567891
16 1 |3rd Year High School Student! Dressed Up  and a New Chapter Begins!| |11 Oct. 2011| 7.701234567891
16 2 |A Dispute in School?! Ichigo and Uryu  Fight Together!| |10 May 2014| 8.201234567891
16 3 |Uryu Is Attacked! A Threat Draws Near the Friends!| |17 May 2014| 8.201234567891
16 4 |The Man with the Fullbring Ability: Kugo Ginjo| |31 May 2014| 8.101234567891
16 5 |A Crisis Sneaking Up on the Kurosaki Family?! Ichigo's Confusion!| |7 Jun. 2014| 8.101234567891
16 6 |Power of the Substitute Badge  Ichigo's 'Pride'!| |14 Jun. 2014| 7.901234567891
16 7 |Next Target! The Devil's Hand Aims at Orihime!| |21 Jun. 2014| 8.001234567891
16 8 |The Man Who Killed the Shinigami Substitute?! Tsukishima Makes His Move| |26 Jun. 2014| 8.001234567891
16 9 |Fullbring! The Detested Power!| |12 Jul. 2014| 8.301234567891
16 10 |Tsukishima Attacks! The Training Has Been Thwarted| |19 Jul. 2014| 7.701234567891
16 11 |Ichigo  Mastering the Fullbring!| |26 Jul. 2014| 8.201234567891
16 12 |Ichigo vs. Ginjo! To the Game's Space| |2 Aug. 2014| 8.201234567891
16 13 |Shinigami at War! New Year in Seireitei Special!| |9 Aug. 2014| 7.201234567891
16 14 |Friend or Foe?! Ginjo's True Intentions!| |16 Aug. 2014| 8.301234567891
16 15 |Tsukishima's Ability  the Danger Is Drawing Near!| |23 Aug. 2014| 8.401234567891
16 16 |Clash!? Xcution Attacks Ginjo| |6 Sep. 2014| 8.601234567891
16 17 |The Sorrowful Battle! Ichigo vs. Sado & Orihime| |13 Sep. 2014| 8.301234567891
16 18 |Ichigo vs Uryu?! Who is the Traitor?!| |20 Sep. 2014| 8.101234567891
16 19 |A New Appearance! The Gotei 13  Arrives!| |27 Sep. 2014| 8.901234567891
16 20 |Revival! Substitute Shinigami: Ichigo Kurosaki!| |4 Oct. 2014| 8.101234567891
16 21 |Fierce Fight! Shinigami vs. XCUTION!| |11 Oct. 2014| 8.601234567891
16 22 |Desperate Struggle!? Byakuya's Troubled Memories| |18 Oct. 2014| 7.801234567891
16 23 |Ichigo vs. Ginjo! Secret of the Substitute Badge| |25 Oct. 2014| 8.601234567891
16 24 |Changing History  Unchanging Heart| |1 Nov. 2014| 8.801234567891
