1 1 |George Carlin/Billy Preston/Janis Ian| |11 Oct. 1975| 7.601234567891
1 2 |Paul Simon/Randy Newman/Phoebe Snow| |18 Oct. 1975| 6.401234567891
1 3 |Rob Reiner| |25 Oct. 1975| 6.901234567891
1 4 |Candice Bergen/Esther Phillips| |8 Nov. 1975| 7.101234567891
1 5 |Robert Klein/ABBA  Loudon Wainwright III| |15 Nov. 1975| 6.801234567891
1 6 |Lily Tomlin| |22 Nov. 1975| 7.101234567891
1 7 |Richard Pryor/Gil Scott-Heron| |13 Dec. 1975| 8.501234567891
1 8 |Candice Bergen/Martha Reeves/The Stylistics| |20 Dec. 1975| 7.001234567891
1 9 |Elliott Gould/Anne Murray| |10 Jan. 1976| 7.001234567891
1 10 |Buck Henry/Bill Withers  Toni Basil| |17 Jan. 1976| 7.701234567891
1 11 |Peter Cook & Dudley Moore/Neil Sedaka| |24 Jan. 1976| 7.301234567891
1 12 |Dick Cavett/Jimmy Cliff| |31 Jan. 1976| 6.401234567891
1 13 |Peter Boyle/Al Jarreau| |14 Feb. 1976| 7.201234567891
1 14 |Desi Arnaz/Desi Arnaz  Jr.| |21 Feb. 1976| 7.301234567891
1 15 |Jill Clayburgh/Leon Redbone/The Singing Idlers| |28 Feb. 1976| 7.401234567891
1 16 |Anthony Perkins/Betty Carter| |13 Mar. 1976| 7.301234567891
1 17 |Ron Nessen/Patti Smith Group| |17 Apr. 1976| 7.201234567891
1 18 |Raquel Welch/Phoebe Snow  John Sebastian| |24 Apr. 1976| 6.801234567891
1 19 |Madeline Kahn/Carly Simon| |8 May 1976| 8.001234567891
1 20 |Dyan Cannon/Leon & Mary Russell| |15 May 1976| 6.701234567891
1 21 |Buck Henry/Gordon Lightfoot| |22 May 1976| 7.601234567891
1 22 |Elliott Gould/Leon Redbone  Harlan Collins & Joyce Everson| |29 May 1976| 7.901234567891
1 23 |Louise Lasser/Preservation Hall Jazz Band| |24 Jul. 1976| 5.601234567891
1 24 |Kris Kristofferson/Rita Coolidge| |31 Jul. 1976| 7.001234567891
2 1 |Lily Tomlin/James Taylor| |18 Sep. 1976| 7.501234567891
2 2 |Norman Lear/Boz Scaggs| |25 Sep. 1976| 7.501234567891
2 3 |Eric Idle/Joe Cocker/Stuff| |2 Oct. 1976| 7.801234567891
2 4 |Karen Black/John Prine| |16 Oct. 1976| 6.701234567891
2 5 |Steve Martin/Kinky Friedman| |23 Oct. 1976| 7.601234567891
2 6 |Buck Henry/The Band| |30 Oct. 1976| 7.601234567891
2 7 |Dick Cavett/Ry Cooder| |13 Nov. 1976| 7.001234567891
2 8 |Paul Simon/George Harrison| |20 Nov. 1976| 7.701234567891
2 9 |Jodie Foster/Brian Wilson| |27 Nov. 1976| 6.901234567891
2 10 |Candice Bergen/Frank Zappa| |11 Dec. 1976| 8.001234567891
2 11 |Ralph Nader/George Benson| |15 Jan. 1977| 7.501234567891
2 12 |Ruth Gordon/Chuck Berry| |22 Jan. 1977| 7.301234567891
2 13 |Fran Tarkenton/Leo Sayer  Donnie Harper and the Voices of Tomorrow| |29 Jan. 1977| 6.801234567891
2 14 |Live from Mardi Gras| |20 Feb. 1977| 6.701234567891
2 15 |Steve Martin/The Kinks| |26 Feb. 1977| 8.001234567891
2 16 |Sissy Spacek/Richard Baskin| |12 Mar. 1977| 7.301234567891
2 17 |Broderick Crawford/Levon Helm/Dr. John/The Meters| |19 Mar. 1977| 7.401234567891
2 18 |Jack Burns/Santana| |26 Mar. 1977| 7.201234567891
2 19 |Julian Bond/Tom Waits  Brick| |9 Apr. 1977| 6.801234567891
2 20 |Elliott Gould/Kate & Anna McGarrigle/Roslyn Kind| |16 Apr. 1977| 7.101234567891
2 21 |Eric Idle/Neil Innes| |23 Apr. 1977| 7.601234567891
2 22 |Shelley Duvall/Joan Armatrading| |14 May 1977| 7.301234567891
2 23 |Buck Henry/Jennifer Warnes/Kenny Vance| |21 May 1977| 7.801234567891
3 1 |Steve Martin/Jackson Browne| |24 Sep. 1977| 7.501234567891
3 2 |Madeline Kahn/Taj Mahal| |8 Oct. 1977| 6.901234567891
3 3 |Hugh Hefner/Libby Titus| |15 Oct. 1977| 6.501234567891
3 4 |Charles Grodin/Paul Simon| |29 Oct. 1977| 7.001234567891
3 5 |Ray Charles| |12 Nov. 1977| 8.001234567891
3 6 |Buck Henry/Leon Redbone| |19 Nov. 1977| 7.001234567891
3 7 |Mary Kay Place/Willie Nelson| |10 Dec. 1977| 7.701234567891
3 8 |Miskel Spillman/Elvis Costello| |17 Dec. 1977| 7.701234567891
3 9 |Steve Martin/Randy Newman  Dirt Band| |21 Jan. 1978| 7.701234567891
3 10 |Robert Klein/Bonnie Raitt| |28 Jan. 1978| 7.701234567891
3 11 |Chevy Chase/Billy Joel| |18 Feb. 1978| 7.501234567891
3 12 |O.J. Simpson/Ashford & Simpson| |25 Feb. 1978| 7.201234567891
3 13 |Art Garfunkel/Stephen Bishop| |11 Mar. 1978| 6.601234567891
3 14 |Jill Clayburgh/Eddie Money| |18 Mar. 1978| 6.901234567891
3 15 |Christopher Lee/Meat Loaf| |25 Mar. 1978| 7.601234567891
3 16 |Michael Palin/Eugene Record| |8 Apr. 1978| 7.501234567891
3 17 |Michael Sarrazin/Keith Jarrett  Gravity| |15 Apr. 1978| 7.001234567891
3 18 |Steve Martin/The Blues Brothers| |22 Apr. 1978| 8.601234567891
3 19 |Richard Dreyfuss/Jimmy Buffett  Gary Tigerman| |13 May 1978| 7.401234567891
3 20 |Buck Henry/Sun Ra| |20 May 1978| 7.201234567891
4 1 |The Rolling Stones| |7 Oct. 1978| 7.401234567891
4 2 |Fred Willard/Devo| |14 Oct. 1978| 7.301234567891
4 3 |Frank Zappa| |21 Oct. 1978| 7.001234567891
4 4 |Steve Martin/Van Morrison| |4 Nov. 1978| 8.001234567891
4 5 |Buck Henry/The Grateful Dead| |11 Nov. 1978| 6.901234567891
4 6 |Carrie Fisher/The Blues Brothers| |18 Nov. 1978| 8.001234567891
4 7 |Walter Matthau| |2 Dec. 1978| 7.601234567891
4 8 |Eric Idle/Kate Bush| |9 Dec. 1978| 7.801234567891
4 9 |Elliott Gould/Peter Tosh| |16 Dec. 1978| 6.201234567891
4 10 |Michael Palin/The Doobie Brothers| |27 Jan. 1979| 7.001234567891
4 11 |Cicely Tyson/Talking Heads| |10 Feb. 1979| 7.101234567891
4 12 |Ricky Nelson/Judy Collins| |17 Feb. 1979| 7.301234567891
4 13 |Kate Jackson/Delbert McClinton| |24 Feb. 1979| 6.301234567891
4 14 |Gary Busey/Eubie Blake and Gregory Hines| |10 Mar. 1979| 7.301234567891
4 15 |Margot Kidder/The Chieftains| |17 Mar. 1979| 7.001234567891
4 16 |Richard Benjamin/Rickie Lee Jones| |7 Apr. 1979| 7.501234567891
4 17 |Milton Berle/Ornette Coleman| |14 Apr. 1979| 6.201234567891
4 18 |Michael Palin/James Taylor| |12 May 1979| 7.401234567891
4 19 |Maureen Stapleton/Linda Ronstadt/Phoebe Snow| |19 May 1979| 7.401234567891
4 20 |Buck Henry/Bette Midler| |26 May 1979| 7.901234567891
5 1 |Steve Martin/Blondie| |13 Oct. 1979| 7.601234567891
5 2 |Eric Idle/Bob Dylan| |20 Oct. 1979| 7.801234567891
5 3 |Bill Russell/Chicago| |3 Nov. 1979| 6.401234567891
5 4 |Buck Henry/Tom Petty & The Heartbreakers| |10 Nov. 1979| 6.801234567891
5 5 |Bea Arthur/The Roches| |17 Nov. 1979| 6.301234567891
5 6 |Howard Hesseman/Randy Newman| |8 Dec. 1979| 6.201234567891
5 7 |Martin Sheen/David Bowie| |15 Dec. 1979| 7.001234567891
5 8 |Ted Knight/Desmond Child & Rouge| |22 Dec. 1979| 6.101234567891
5 9 |Teri Garr/The B-52's| |26 Jan. 1980| 6.501234567891
5 10 |Chevy Chase/Marianne Faithfull| |9 Feb. 1980| 6.601234567891
5 11 |Elliott Gould/Gary Numan| |16 Feb. 1980| 6.201234567891
5 12 |Kirk Douglas/Sam and Dave| |23 Feb. 1980| 6.601234567891
5 13 |Rodney Dangerfield/The J. Geils Band| |8 Mar. 1980| 7.001234567891
5 14 |Paul Simon  James Taylor & David Sanborn| |15 Mar. 1980| 6.501234567891
5 15 |Richard Benjamin  Paula Prentiss/The Grateful Dead| |5 Apr. 1980| 6.101234567891
5 16 |Burt Reynolds/Anne Murray| |12 Apr. 1980| 5.901234567891
5 17 |Strother Martin/The Specials| |19 Apr. 1980| 7.001234567891
5 18 |Bob Newhart/The Amazing Rhythm Aces/Bruce Cockburn| |10 May 1980| 7.301234567891
5 19 |Steve Martin/Paul & Linda McCartney/3-D| |17 May 1980| 8.101234567891
5 20 |Buck Henry/Andrew Gold/Andrae Crouch & Voices of Unity| |24 May 1980| 8.001234567891
6 1 |Elliott Gould/Kid Creole & the Coconuts| |15 Nov. 1980| 6.701234567891
6 2 |Malcolm McDowell/Captain Beefheart & The Magic Band| |22 Nov. 1980| 5.401234567891
6 3 |Ellen Burstyn/Aretha Franklin/Keith Sykes| |6 Dec. 1980| 6.501234567891
6 4 |Jamie Lee Curtis/James Brown/Ellen Shipley| |13 Dec. 1980| 6.401234567891
6 5 |David Carradine/Linda Ronstadt/Cast of 'The Pirates of Penzance'| |20 Dec. 1980| 6.201234567891
6 6 |Ray Sharkey/Jack Bruce & Friends| |10 Jan. 1981| 5.901234567891
6 7 |Karen Black/Cheap Trick/Stanley Clarke Trio| |17 Jan. 1981| 6.001234567891
6 8 |Robert Hays/14 Karat Soul/Joe 'King' Carrasco & The Crowns| |24 Jan. 1981| 6.001234567891
6 9 |Sally Kellerman/Jimmy Cliff| |7 Feb. 1981| 6.201234567891
6 10 |Deborah Harry/Funky 4 + 1 More| |14 Feb. 1981| 6.501234567891
6 11 |Charlene Tilton/Todd Rundgren/Prince| |21 Feb. 1981| 5.801234567891
6 12 |Bill Murray/Delbert McClinton| |7 Mar. 1981| 7.601234567891
6 13 |Jr. Walker & the All-Stars| |11 Apr. 1981| 7.501234567891
7 1 |Rod Stewart| |3 Oct. 1981| 6.401234567891
7 2 |Susan Saint James/The Kinks| |10 Oct. 1981| 5.801234567891
7 3 |George Kennedy/Miles Davis| |17 Oct. 1981| 7.401234567891
7 4 |Donald Pleasance/Fear| |31 Oct. 1981| 6.601234567891
7 5 |Lauren Hutton/Rick James & The Stone City Band| |7 Nov. 1981| 6.301234567891
7 6 |Bernadette Peters/Billy Joel/The Go-Go's| |14 Nov. 1981| 6.701234567891
7 7 |Tim Curry/Meat Loaf/The Neverland Express| |5 Dec. 1981| 6.401234567891
7 8 |Bill Murray/The Spinners/Yale Whiffenpoofs| |12 Dec. 1981| 6.401234567891
7 9 |Robert Conrad/The Allman Brothers Band| |23 Jan. 1982| 6.501234567891
7 10 |John Madden/Jennifer Holliday| |30 Jan. 1982| 6.401234567891
7 11 |James Coburn/Lindsey Buckingham| |6 Feb. 1982| 6.201234567891
7 12 |Bruce Dern/Luther Vandross| |20 Feb. 1982| 5.601234567891
7 13 |Elizabeth Ashley/Hall & Oates| |27 Feb. 1982| 7.601234567891
7 14 |Robert Urich/Mink DeVille| |20 Mar. 1982| 6.401234567891
7 15 |Blythe Danner/Rickie Lee Jones| |27 Mar. 1982| 6.001234567891
7 16 |Daniel J. Travanti/John Cougar| |10 Apr. 1982| 6.401234567891
7 17 |Johnny Cash/Elton John| |17 Apr. 1982| 7.701234567891
7 18 |Robert Culp/The Charlie Daniels Band| |24 Apr. 1982| 6.201234567891
7 19 |Danny DeVito/Sparks| |15 May 1982| 6.801234567891
7 20 |Olivia Newton-John| |22 May 1982| 7.601234567891
8 1 |Chevy Chase/Queen| |25 Sep. 1982| 8.301234567891
8 2 |Louis Gossett Jr/George Thorogood & The Destroyers| |2 Oct. 1982| 7.201234567891
8 3 |Ron Howard/The Clash| |9 Oct. 1982| 8.001234567891
8 4 |Howard Hesseman/Men at Work| |23 Oct. 1982| 7.401234567891
8 5 |Michael Keaton/The New Joe Jackson Band| |30 Oct. 1982| 7.101234567891
8 6 |Robert Blake/Kenny Loggins| |13 Nov. 1982| 6.101234567891
8 7 |Drew Barrymore/Squeeze| |20 Nov. 1982| 7.701234567891
8 8 |The Smothers Brothers/Laura Branigan| |4 Dec. 1982| 7.401234567891
8 9 |Eddie Murphy/Lionel Richie| |11 Dec. 1982| 8.001234567891
8 10 |Lily Tomlin| |22 Jan. 1983| 6.801234567891
8 11 |Rick Moranis and Dave Thomas/The Bus Boys| |29 Jan. 1983| 7.601234567891
8 12 |Sid Caesar/Joe Cocker/Jennifer Warnes| |5 Feb. 1983| 6.601234567891
8 13 |Howard Hesseman/Tom Petty & The Heartbreakers| |19 Feb. 1983| 7.501234567891
8 14 |Beau and Jeff Bridges/Randy Newman| |26 Feb. 1983| 6.601234567891
8 15 |Bruce Dern/Leon Redbone| |12 Mar. 1983| 6.701234567891
8 16 |Robert Guilaume/Duran Duran| |19 Mar. 1983| 7.801234567891
8 17 |Joan Rivers/Musical Youth| |9 Apr. 1983| 8.001234567891
8 18 |Susan Saint James/Michael McDonald| |16 Apr. 1983| 7.401234567891
8 19 |Stevie Wonder| |7 May 1983| 7.801234567891
8 20 |Ed Koch/Kevin Rowland & Dexy's Midnight Runners| |14 May 1983| 7.801234567891
9 1 |Brandon Tartikoff/John Cougar Mellencamp| |8 Oct. 1983| 6.101234567891
9 2 |Danny DeVito & Rhea Pearlman/Eddy Grant| |15 Oct. 1983| 6.101234567891
9 3 |John Candy/Men at Work| |22 Oct. 1983| 6.401234567891
9 4 |Betty Thomas/Stray Cats| |5 Nov. 1983| 5.901234567891
9 5 |Teri Garr/Mick Fleetwood's Zoo| |12 Nov. 1983| 6.101234567891
9 6 |Jerry Lewis/Loverboy| |19 Nov. 1983| 5.901234567891
9 7 |The Smothers Brothers/Big Country| |3 Dec. 1983| 5.901234567891
9 8 |Flip Wilson/Stevie Nicks| |10 Dec. 1983| 6.301234567891
9 9 |Father Guido Sarducci/Huey Lewis & The News| |14 Jan. 1984| 6.301234567891
9 10 |Michael Palin/Mary Palin/The Motels| |21 Jan. 1984| 6.301234567891
9 11 |Don Rickles/Billy Idol| |28 Jan. 1984| 8.001234567891
9 12 |Robin Williams/Adam Ant| |11 Feb. 1984| 6.601234567891
9 13 |Jamie Lee Curtis/The Fixx| |18 Feb. 1984| 7.001234567891
9 14 |Edwin Newman/Kool & The Gang| |25 Feb. 1984| 6.601234567891
9 15 |Billy Crystal/Al Jarreau| |17 Mar. 1984| 5.901234567891
9 16 |Michael Douglas/Deniece Williams| |7 Apr. 1984| 6.501234567891
9 17 |George McGovern/Madness| |14 Apr. 1984| 5.901234567891
9 18 |Barry Bostwick/Spinal Tap| |5 May 1984| 7.701234567891
9 19 |Billy Crystal/Ed Koch/Edwin Newman/Father Guido Sarducci/Betty Thomas/The Cars| |12 May 1984| 6.201234567891
10 1 |Thompson Twins| |6 Oct. 1984| 6.401234567891
10 2 |Bob Uecker/Peter Wolf| |13 Oct. 1984| 6.501234567891
10 3 |Jesse Jackson/Andrae Crouch  Wintley Phipps| |20 Oct. 1984| 6.101234567891
10 4 |Michael McKean/Chaka Khan/The Folksmen| |3 Nov. 1984| 7.001234567891
10 5 |George Carlin/Frankie Goes to Hollywood| |10 Nov. 1984| 8.001234567891
10 6 |Ed Asner/The Kinks| |17 Nov. 1984| 7.101234567891
10 7 |Ed Begley Jr/Billy Squier| |1 Dec. 1984| 5.601234567891
10 8 |Ringo Starr/Herbie Hancock| |8 Dec. 1984| 6.401234567891
10 9 |Eddie Murphy/Robert Plant & The Honeydrippers| |15 Dec. 1984| 7.401234567891
10 10 |Kathleen Turner/John Waite| |12 Jan. 1985| 5.901234567891
10 11 |Roy Scheider/Billy Ocean| |19 Jan. 1985| 7.401234567891
10 12 |Alex Karras/Tina Turner| |2 Feb. 1985| 6.501234567891
10 13 |Harry Anderson/Bryan Adams| |9 Feb. 1985| 6.001234567891
10 14 |Pamela Sue Martin/Power Station| |16 Feb. 1985| 5.701234567891
10 15 |SNL Film Festival| |2 Mar. 1985| 7.101234567891
10 16 |Mr. T and Hulk Hogan/The Commodores| |7 Apr. 1985| 6.301234567891
10 17 |Christopher Reeve/Santana| |6 Apr. 1985| 6.201234567891
10 18 |Howard Cosell/Greg Kihn| |13 Apr. 1985| 6.201234567891
11 1 |Madonna/Simple Minds| |9 Nov. 1985| 6.501234567891
11 2 |Chevy Chase/Sheila E.| |16 Nov. 1985| 6.601234567891
11 3 |Pee Wee Herman/Queen Ida & The Bon Temps Zydeco Band| |23 Nov. 1985| 6.501234567891
11 4 |John Lithgow/Mr. Mister| |7 Dec. 1985| 6.801234567891
11 5 |Tom Hanks/Sade| |14 Dec. 1985| 6.401234567891
11 6 |Teri Garr/Dream Academy/The Cult| |21 Dec. 1985| 6.601234567891
11 7 |Harry Dean Stanton/The Replacements| |18 Jan. 1986| 6.401234567891
11 8 |Dudley Moore/Al Green| |25 Jan. 1986| 5.701234567891
11 9 |Ron Reagan/The Nelsons| |8 Feb. 1986| 6.701234567891
11 10 |Jerry Hall/Stevie Ray Vaughan/Jimmie Vaughan| |15 Feb. 1986| 6.001234567891
11 11 |Jay Leno/The Neville Brothers| |22 Feb. 1986| 5.201234567891
11 12 |Griffin Dunne/Rosanne Cash| |15 Mar. 1986| 6.601234567891
11 13 |George Wendt and Francis Ford Coppola/Philip Glass| |22 Mar. 1986| 6.801234567891
11 14 |Oprah Winfrey/Joe Jackson| |12 Apr. 1986| 5.601234567891
11 15 |Tony Danza/Laurie Anderson| |19 Apr. 1986| 5.201234567891
11 16 |Catherine Oxenberg and Paul Simon/Ladysmith Black Mambazo| |10 May 1986| 6.901234567891
11 17 |Jimmy Breslin and Marvin Hagler/Level 42/E.G. Daily| |17 May 1986| 5.801234567891
11 18 |Anjelica Huston and Billy Martin/George Clinton & Parliament-Funkadelic| |24 May 1986| 7.001234567891
12 1 |Sigourney Weaver/Buster Poindexter| |11 Oct. 1986| 7.801234567891
12 2 |Malcolm-Jamal Warner/Run-DMC| |18 Oct. 1986| 6.001234567891
12 3 |Rosanna Arquette/Ric Ocasek| |8 Nov. 1986| 6.401234567891
12 4 |Sam Kinison/Lou Reed| |15 Nov. 1986| 6.801234567891
12 5 |Robin Williams/Paul Simon| |22 Nov. 1986| 8.001234567891
12 6 |Chevy Chase/Steve Martin/Martin Short/Randy Newman| |6 Dec. 1986| 7.901234567891
12 7 |Steve Guttenberg/The Pretenders| |13 Dec. 1986| 7.001234567891
12 8 |William Shatner/Lone Justice| |20 Dec. 1986| 8.001234567891
12 9 |Walter Payton & Joe Montana/Debbie Harry| |24 Jan. 1987| 6.501234567891
12 10 |Paul Shaffer/Bruce Hornsby & The Range| |31 Jan. 1987| 5.901234567891
12 11 |Bronson Pinchot/Paul Young/Buster Poindexter| |14 Feb. 1987| 6.201234567891
12 12 |Willie Nelson| |21 Feb. 1987| 7.101234567891
12 13 |Valerie Bertinelli/Robert Cray Band| |28 Feb. 1987| 6.801234567891
12 14 |Bill Murray/Percy Sledge| |21 Mar. 1987| 6.801234567891
12 15 |Charlton Heston/Wynton Marsalis| |28 Mar. 1987| 7.301234567891
12 16 |John Lithgow/Anita Baker| |11 Apr. 1987| 5.801234567891
12 17 |John Larroquette/Timbuk-3| |18 Apr. 1987| 6.001234567891
12 18 |Mark Harmon/Suzanne Vega| |9 May 1987| 5.701234567891
12 19 |Garry Shandling/Los Lobos| |16 May 1987| 5.701234567891
12 20 |Dennis Hopper/Roy Orbison| |23 May 1987| 6.601234567891
13 1 |Steve Martin/Sting| |17 Oct. 1987| 7.201234567891
13 2 |Sean Penn/L.L. Cool J  Michael Penn & The Pull| |24 Oct. 1987| 5.801234567891
13 3 |Dabney Coleman/The Cars| |31 Oct. 1987| 7.401234567891
13 4 |Robert Mitchum/Simply Red| |14 Nov. 1987| 5.901234567891
13 5 |Candice Bergen/Cher| |21 Nov. 1987| 6.101234567891
13 6 |Danny DeVito/Bryan Ferry| |5 Dec. 1987| 5.601234567891
13 7 |Angie Dickinson/Buster Poindexter/David Gilmour| |12 Dec. 1987| 6.101234567891
13 8 |Paul Simon/Linda Ronstadt| |19 Dec. 1987| 5.901234567891
13 9 |Robin Williams/James Taylor| |23 Jan. 1988| 6.801234567891
13 10 |Carl Weathers/Robbie Robertson| |30 Jan. 1988| 6.401234567891
13 11 |Justine Bateman/Terrance Trent D'Arby| |13 Feb. 1988| 6.601234567891
13 12 |Tom Hanks/Randy Travis| |20 Feb. 1988| 6.101234567891
13 13 |Judge Reinhold/10 000 Maniacs| |27 Feb. 1988| 6.501234567891
14 1 |Tom Hanks/Keith Richards| |8 Oct. 1988| 6.901234567891
14 2 |Matthew Broderick/The Sugarcubes| |15 Oct. 1988| 5.601234567891
14 3 |John Larroquette/Randy Newman & Mark Knopfler| |22 Oct. 1988| 6.201234567891
14 4 |Matthew Modine/Edie Brickell & New Bohemians| |5 Nov. 1988| 5.901234567891
14 5 |Demi Moore/Johnny Clegg & Savuka| |12 Nov. 1988| 6.401234567891
14 6 |John Lithgow/Tracy Chapman| |19 Nov. 1988| 6.601234567891
14 7 |Danny DeVito/The Bangles| |3 Dec. 1988| 6.401234567891
14 8 |Kevin Kline/Bobby McFerrin| |10 Dec. 1988| 7.001234567891
14 9 |Melanie Griffith/Little Feat| |17 Dec. 1988| 6.401234567891
14 10 |John Malkovich/Anita Baker| |21 Jan. 1989| 6.201234567891
14 11 |Tony Danza/John Hiatt| |28 Jan. 1989| 6.701234567891
14 12 |Ted Danson/Luther Vandross| |28 Jan. 1989| 5.801234567891
14 13 |Leslie Nielsen/Cowboy Junkies| |18 Feb. 1989| 6.101234567891
14 14 |Glenn Close/Gipsy Kings| |25 Feb. 1989| 5.701234567891
14 15 |Mary Tyler Moore/Elvis Costello| |25 Mar. 1989| 6.001234567891
14 16 |Mel Gibson/Living Colour| |1 Apr. 1989| 6.001234567891
14 17 |Dolly Parton| |15 Apr. 1989| 6.201234567891
14 18 |Geena Davis/John Mellencamp| |22 Apr. 1989| 5.601234567891
14 19 |Wayne Gretzky/Fine Young Cannibals| |13 May 1989| 6.401234567891
14 20 |Steve Martin/Tom Petty & The Heartbreakers| |20 May 1989| 7.601234567891
15 1 |Bruce Willis/Neil Young| |30 Sep. 1989| 6.601234567891
15 2 |Rick Moranis/Rickie Lee Jones| |7 Oct. 1989| 6.001234567891
15 3 |Kathleen Turner/Billy Joel| |21 Oct. 1989| 6.101234567891
15 4 |James Woods/Don Henley| |28 Oct. 1989| 5.901234567891
15 5 |Chris Evert/Eurythmics| |11 Nov. 1989| 6.301234567891
15 6 |Woody Harrelson/David Byrne| |18 Nov. 1989| 5.901234567891
15 7 |John Goodman/k.d. lang| |2 Dec. 1989| 5.901234567891
15 8 |Robert Wagner/Linda Ronstadt & Aaron Neville| |9 Dec. 1989| 6.301234567891
15 9 |Andie MacDowell/Tracy Chapman| |16 Dec. 1989| 5.801234567891
15 10 |Ed O'Neill/Harry Connick Jr.| |13 Jan. 1990| 6.101234567891
15 11 |Christopher Walken/Bonnie Raitt| |20 Jan. 1990| 6.601234567891
15 12 |Quincy Jones & Co.| |10 Feb. 1990| 5.501234567891
15 13 |Tom Hanks/Aerosmith| |17 Feb. 1990| 6.701234567891
15 14 |Fred Savage/Technotronic| |24 Feb. 1990| 6.601234567891
15 15 |Rob Lowe/The Pogues| |17 Mar. 1990| 6.201234567891
15 16 |Debra Winger/Eric Clapton| |24 Mar. 1990| 6.001234567891
15 17 |Corbin Bernsen/The Smithereens| |14 Apr. 1990| 5.901234567891
15 18 |Alec Baldwin/The B-52's| |21 Apr. 1990| 6.601234567891
15 19 |Andrew Dice Clay/Julee Cruise/Spanic Boys| |12 May 1990| 6.501234567891
15 20 |Candice Bergen/The Notting Hillbillies| |19 May 1990| 5.201234567891
16 1 |bad tite encoding| |29 Sep. 1990| 7.401234567891
16 2 |Susan Lucci/Hothouse Flowers| |6 Oct. 1990| 6.701234567891
16 3 |George Steinbrenner/Morris Day & The Time| |20 Oct. 1990| 6.401234567891
16 4 |Patrick Swayze/Mariah Carey| |27 Oct. 1990| 7.901234567891
16 5 |Jimmy Smits/World Party| |10 Nov. 1990| 6.201234567891
16 6 |Dennis Hopper/Paul Simon| |17 Nov. 1990| 6.501234567891
16 7 |John Goodman/Faith No More| |1 Dec. 1990| 7.001234567891
16 8 |Tom Hanks/Edie Brickell & New Bohemians| |8 Dec. 1990| 6.801234567891
16 9 |Dennis Quaid/The Neville Brothers| |15 Dec. 1990| 5.601234567891
16 10 |Joe Mantegna/Vanilla Ice| |12 Jan. 1991| 6.601234567891
16 11 Sting |19 Jan. 1991| 6.401234567891
16 12 |Kevin Bacon/INXS| |9 Feb. 1991| 6.501234567891
16 13 |Roseanne Barr/Deee-lite| |16 Feb. 1991| 5.701234567891
16 14 |Alec Baldwin/Whitney Houston| |23 Feb. 1991| 6.701234567891
16 15 |Michael J. Fox/Black Crowes| |16 Mar. 1991| 6.601234567891
16 16 |Jeremy Irons/Fishbone| |23 Mar. 1991| 6.501234567891
16 17 |Catherine O'Hara/R.E.M.| |13 Apr. 1991| 6.501234567891
16 18 |Steven Seagal/Michael Bolton| |20 Apr. 1991| 6.101234567891
16 19 |Delta Burke/Chris Isaak| |11 May 1991| 5.701234567891
16 20 |George Wendt/Elvis Costello| |18 May 1991| 5.901234567891
17 1 |Michael Jordan/Public Enemy| |28 Sep. 1991| 7.301234567891
17 2 |Jeff Daniels/Color Me Badd| |5 Oct. 1991| 7.601234567891
17 3 |Kirstie Alley/Tom Petty & The Heartbreakers| |12 Oct. 1991| 6.901234567891
17 4 |Christian Slater/Bonnie Raitt| |26 Oct. 1991| 7.701234567891
17 5 |Kiefer Sutherland/Skid Row| |2 Nov. 1991| 7.601234567891
17 6 |Linda Hamilton/Mariah Carey| |16 Nov. 1991| 7.801234567891
17 7 |Macaulay Culkin/Tin Machine| |23 Nov. 1991| 7.501234567891
17 8 Hammer |7 Dec. 1991| 5.101234567891
17 9 |Steve Martin/James Taylor| |14 Dec. 1991| 7.901234567891
17 10 |Rob Morrow/Nirvana| |11 Jan. 1992| 7.601234567891
17 11 |Chevy Chase/Robbie Robertson| |18 Jan. 1992| 6.901234567891
17 12 |Susan Dey/C+C Music Factory| |8 Feb. 1992| 7.501234567891
17 13 |Jason Priestly/Teenage Fanclub| |15 Feb. 1992| 7.801234567891
17 14 |Roseanne & Tom Arnold/Red Hot Chili Peppers| |22 Feb. 1992| 7.901234567891
17 15 |John Goodman/Garth Brooks| |14 Mar. 1992| 7.401234567891
17 16 |Mary Stuart Masterson/En Vogue| |21 Mar. 1992| 6.401234567891
17 17 |Sharon Stone/Pearl Jam| |11 Apr. 1992| 8.001234567891
17 18 |Jerry Seinfeld/Annie Lennox| |18 Apr. 1992| 7.201234567891
17 19 |Tom Hanks/Bruce Springsteen| |9 May 1992| 7.301234567891
17 20 |Woody Harrelson/Vanessa Williams| |16 May 1992| 6.701234567891
18 1 |Nicolas Cage/Bobby Brown| |28 Sep. 1992| 6.401234567891
18 2 |bad tite encoding| |3 Oct. 1992| 6.601234567891
18 3 |Joe Pesci/Spin Doctors| |10 Oct. 1992| 6.701234567891
18 4 |Christopher Walken/Arrested Development| |24 Oct. 1992| 7.601234567891
18 5 |Catherine O'Hara/10 000 Maniacs| |31 Oct. 1992| 6.801234567891
18 6 |Michael Keaton/Morrissey| |14 Nov. 1992| 7.301234567891
18 7 Sinbad/Sade |21 Nov. 1992| 5.201234567891
18 8 |Tom Arnold/Neil Young| |5 Dec. 1992| 5.701234567891
18 9 |Glenn Close/Black Crowes| |12 Dec. 1992| 6.101234567891
18 10 |Danny DeVito/Bon Jovi| |9 Jan. 1993| 6.401234567891
18 11 |Harvey Keitel/Madonna| |16 Jan. 1993| 7.001234567891
18 12 |Luke Perry/Mick Jagger| |6 Feb. 1993| 5.901234567891
18 13 |Alec Baldwin/Paul McCartney| |13 Feb. 1993| 7.401234567891
18 14 |Bill Murray/Sting| |20 Feb. 1993| 7.901234567891
18 15 |John Goodman/Mary J. Blige| |13 Mar. 1993| 6.401234567891
18 16 |Miranda Richardson/Soul Asylum| |20 Mar. 1993| 7.301234567891
18 17 |Jason Alexander/Peter Gabriel| |10 Apr. 1993| 7.001234567891
18 18 |Kirstie Alley/Lenny Kravitz| |24 Apr. 1993| 6.201234567891
18 19 |Christina Applegate/Midnight Oil| |15 May 1993| 7.301234567891
18 20 |Kevin Kline/Willie Nelson & Paul Simon| |22 May 1993| 6.201234567891
19 1 |Charles Barkley/Nirvana| |25 Sep. 1993| 7.401234567891
19 2 |Shannen Doherty/Cypress Hill| |2 Oct. 1993| 6.501234567891
19 3 |Jeff Goldblum/Aerosmith| |9 Oct. 1993| 6.101234567891
19 4 |John Malkovich/Billy Joel| |23 Oct. 1993| 6.901234567891
19 5 |Christian Slater/Smashing Pumpkins| |31 Oct. 1993| 6.701234567891
19 6 |Rosie O'Donnell/James Taylor| |13 Nov. 1993| 4.101234567891
19 7 |Nicole Kidman/Stone Temple Pilots| |20 Nov. 1993| 6.601234567891
19 8 |Charlton Heston/Paul Westerberg| |4 Dec. 1993| 6.101234567891
19 9 |Sally Field/Tony! Toni! Tone!| |11 Dec. 1993| 5.901234567891
19 10 |Jason Patric/Blind Melon| |8 Jan. 1994| 5.801234567891
19 11 |Sara Gilbert/Counting Crows| |15 Jan. 1994| 6.301234567891
19 12 |Patrick Stewart/Salt-N-Pepa| |5 Feb. 1994| 7.201234567891
19 13 |Alec Baldwin & Kim Basinger/UB40| |12 Feb. 1994| 6.301234567891
19 14 |Martin Lawrence/Crash Test Dummies| |19 Feb. 1994| 5.801234567891
19 15 |Nancy Kerrigan/Aretha Franklin| |12 Mar. 1994| 4.901234567891
19 16 |Helen Hunt/Snoop Doggy Dogg| |19 Mar. 1994| 6.901234567891
19 17 |Kelsey Grammer/Dwight Yoakam| |9 Apr. 1994| 4.801234567891
19 18 |Emilio Estevez/Pearl Jam| |16 Apr. 1994| 7.001234567891
19 19 |John Goodman/The Pretenders| |7 May 1994| 5.401234567891
19 20 |Heather Locklear/Janet Jackson| |14 May 1994| 6.301234567891
20 1 |Steve Martin/Eric Clapton| |24 Sep. 1994| 7.601234567891
20 2 |Marisa Tomei/Bonnie Raitt| |1 Oct. 1994| 6.901234567891
20 3 |John Travolta/Seal| |15 Oct. 1994| 7.901234567891
20 4 |Dana Carvey/Edie Brickell & Paul Simon| |22 Oct. 1994| 6.701234567891
20 5 |Sarah Jessica Parker/R.E.M.| |12 Nov. 1994| 6.301234567891
20 6 |John Turturro/Tom Petty & the Heartbreakers| |17 Nov. 1994| 6.501234567891
20 7 |Roseanne/Green Day| |3 Dec. 1994| 6.801234567891
20 8 |Alec Baldwin/Beastie Boys| |10 Dec. 1994| 7.301234567891
20 9 |George Foreman/Hole| |17 Dec. 1994| 6.401234567891
20 10 |Jeff Daniels/Luscious Jackson| |14 Jan. 1995| 7.801234567891
20 11 |David Hyde Pierce/Live| |21 Jan. 1995| 6.801234567891
20 12 |Bob Newhart/Des'ree| |11 Feb. 1995| 7.401234567891
20 13 |Deion Sanders/Bon Jovi| |18 Feb. 1995| 6.001234567891
20 14 |George Clooney/The Cranberries| |25 Feb. 1995| 6.101234567891
20 15 |Paul Reiser/Annie Lennox| |18 Mar. 1995| 6.701234567891
20 16 |John Goodman/Tragically Hip| |25 Mar. 1995| 7.801234567891
20 17 |Damon Wayans/Dionne Farris| |8 Apr. 1995| 7.201234567891
20 18 |Courteney Cox/Dave Matthews Band| |15 Apr. 1995| 7.301234567891
20 19 |Bob Saget/TLC| |6 May 1995| 6.701234567891
20 20 |David Duchovny/Rod Stewart| |13 May 1995| 7.901234567891
21 1 |Mariel Hemingway/Blues Traveler| |30 Sep. 1995| 6.901234567891
21 2 |Chevy Chase/Lisa Loeb and Nine Stories| |7 Oct. 1995| 6.501234567891
21 3 |David Schwimmer/Natalie Merchant| |21 Oct. 1995| 5.701234567891
21 4 |Gabriel Byrne/Alanis Morissette| |28 Oct. 1995| 6.201234567891
21 5 |Quentin Tarantino/Smashing Pumpkins| |11 Nov. 1995| 7.101234567891
21 6 |Laura Leighton/Rancid| |18 Nov. 1995| 5.801234567891
21 7 |Anthony Edwards/Foo Fighters| |2 Dec. 1995| 6.501234567891
21 8 |David Alan Grier/Silverchair| |9 Dec. 1995| 6.201234567891
21 9 |Madeline Kahn/Bush| |16 Dec. 1995| 5.501234567891
21 10 |Christopher Walken/Joan Osborne| |13 Jan. 1996| 7.301234567891
21 11 |Alec Baldwin/Tori Amos| |20 Jan. 1996| 6.801234567891
21 12 |Danny Aiello/Coolio| |10 Feb. 1996| 5.601234567891
21 13 |Tom Arnold/Tupac Shakur| |17 Feb. 1996| 6.901234567891
21 14 |Elle MacPherson/Sting| |24 Feb. 1996| 6.201234567891
21 15 |John Goodman/Everclear| |16 Mar. 1996| 7.501234567891
21 16 |Phil Hartman/Gin Blossoms| |23 Mar. 1996| 6.801234567891
21 17 |Steve Forbes/Rage Against the Machine| |13 Apr. 1996| 5.601234567891
21 18 |Teri Hatcher/Dave Matthews Band| |20 Apr. 1996| 6.501234567891
21 19 |Christine Baranski/The Cure| |11 May 1996| 6.301234567891
21 20 |Jim Carrey/Soundgarden| |18 May 1996| 8.401234567891
22 1 |Tom Hanks/Tom Petty & the Heartbreakers| |28 Sep. 1996| 4.501234567891
22 2 |Lisa Kudrow/Sheryl Crow| |5 Oct. 1996| 5.501234567891
22 3 |Bill Pullman/New Edition| |19 Oct. 1996| 4.801234567891
22 4 |Dana Carvey/Dr. Dre| |26 Oct. 1996| 5.801234567891
22 5 |Chris Rock/The Wallflowers| |2 Nov. 1996| 4.301234567891
22 6 |Robert Downey Jr/Fiona Apple| |16 Nov. 1996| 6.401234567891
22 7 |Phil Hartman/Bush| |23 Nov. 1996| 5.801234567891
22 8 |Martin Short/No Doubt| |7 Dec. 1996| 5.801234567891
22 9 |Rosie O'Donnell/Whitney Houston| |14 Dec. 1996| 4.101234567891
22 10 |Kevin Spacey/Beck| |11 Jan. 1997| 6.901234567891
22 11 |David Alan Grier/Snoop Doggy Dogg| |18 Jan. 1997| 6.001234567891
22 12 |Neve Campbell/David Bowie| |8 Feb. 1997| 6.101234567891
22 13 |Chevy Chase/Live| |15 Feb. 1997| 5.501234567891
22 14 |Alec Baldwin/Tina Turner| |22 Feb. 1997| 5.901234567891
22 15 |Sting/Veruca Salt| |15 Mar. 1997| 5.601234567891
22 16 |Mike Myers/Aerosmith| |22 Mar. 1997| 6.301234567891
22 17 |Rob Lowe/Spice Girls| |12 Apr. 1997| 5.701234567891
22 18 |Pamela Lee/Rollins Band| |19 Apr. 1997| 4.101234567891
22 19 |John Goodman/Jewel| |10 May 1997| 6.301234567891
22 20 |Jeff Goldblum/En Vogue| |17 May 1997| 6.301234567891
23 1 |Sylvester Stallone/Jamiroquai| |27 Sep. 1997| 7.401234567891
23 2 |Matthew Perry/Oasis| |4 Oct. 1997| 6.301234567891
23 3 |bad tite encoding| |18 Oct. 1997| 5.701234567891
23 4 |Chris Farley/The Mighty Mighty Bosstones| |25 Oct. 1997| 7.001234567891
23 5 |Jon Lovitz/Jane's Addiction| |8 Nov. 1997| 5.801234567891
23 6 |Claire Danes/Mariah Carey| |15 Nov. 1997| 5.301234567891
23 7 |Rudy Giuliani/Sarah McLachlan| |22 Nov. 1997| 5.701234567891
23 8 |Nathan Lane/Metallica| |6 Dec. 1997| 6.301234567891
23 9 |Helen Hunt/Hanson| |13 Dec. 1997| 5.901234567891
23 10 |Samuel L. Jackson/Ben Folds Five| |10 Jan. 1998| 7.301234567891
23 11 |Sarah Michelle Gellar/Portishead| |17 Jan. 1998| 5.901234567891
23 12 |John Goodman/Paula Cole| |7 Feb. 1998| 5.701234567891
23 13 |Roma Downey/Missy 'Misdemeanor' Elliott| |14 Feb. 1998| 5.501234567891
23 14 |Garth Brooks| |28 Feb. 1998| 6.601234567891
23 15 |Scott Wolf/Natalie Imbruglia| |7 Mar. 1998| 5.001234567891
23 16 |Julianne Moore/Backstreet Boys| |14 Mar. 1998| 5.101234567891
23 17 |Steve Buscemi/Third Eye Blind| |4 Apr. 1998| 6.701234567891
23 18 |Greg Kinnear/All Saints| |11 Apr. 1998| 5.501234567891
23 19 |Matthew Broderick/Natalie Merchant| |2 May 1998| 5.901234567891
23 20 |David Duchovny/Puff Daddy/Jimmy Page| |9 May 1998| 5.401234567891
24 1 |Cameron Diaz/Smashing Pumpkins| |26 Sep. 1998| 6.801234567891
24 2 |Kelsey Grammer/Sheryl Crow| |3 Oct. 1998| 5.701234567891
24 3 |Lucy Lawless/Elliott Smith| |17 Oct. 1998| 7.301234567891
24 4 |Ben Stiller/Alanis Morrisette| |24 Oct. 1998| 6.001234567891
24 5 |David Spade/Eagle-Eye Cherry| |7 Nov. 1998| 5.401234567891
24 6 |Joan Allen/Jewel| |14 Nov. 1998| 5.501234567891
24 7 |Jennifer Love Hewitt/Beastie Boys| |21 Nov. 1998| 5.601234567891
24 8 |Vince Vaughn/Lauryn Hill| |5 Dec. 1998| 5.801234567891
24 9 |Alec Baldwin/Luciano Pavarotti  Vanessa Williams| |12 Dec. 1998| 6.801234567891
24 10 |Bill Paxton/Beck| |9 Jan. 1999| 6.601234567891
24 11 |James Van Der Beek/Everlast| |16 Jan. 1999| 5.501234567891
24 12 |Gwyneth Paltrow/Barenaked Ladies| |6 Feb. 1999| 6.301234567891
24 13 |Brendan Fraser/The Roots| |13 Feb. 1999| 6.501234567891
24 14 |Bill Murray/Lucinda Williams| |20 Feb. 1999| 5.901234567891
24 15 |Ray Romano/The Corrs| |13 Mar. 1999| 5.501234567891
24 16 |Drew Barrymore/Garbage| |20 Mar. 1999| 6.701234567891
24 17 |John Goodman/Tom Petty & The Heartbreakers| |10 Apr. 1999| 6.001234567891
24 18 |Cuba Gooding  Jr./Ricky Martin| |8 May 1999| 4.001234567891
24 19 |Sarah Michelle Gellar/Backstreet Boys| |15 May 1999| 6.701234567891
25 1 |Jerry Seinfeld/David Bowie| |2 Oct. 1999| 7.601234567891
25 2 |Heather Graham/Marc Anthony| |16 Oct. 1999| 6.101234567891
25 3 |Norm Macdonald/Dr. Dre & Snoop Dogg| |23 Oct. 1999| 7.501234567891
25 4 |Dylan McDermott/Foo Fighters| |6 Nov. 1999| 6.301234567891
25 5 |Garth Brooks/Chris Gaines| |13 Nov. 1999| 6.301234567891
25 6 |Jennifer Aniston/Sting| |20 Nov. 1999| 6.701234567891
25 7 |Christina Ricci/Beck| |4 Dec. 1999| 6.001234567891
25 8 |Danny DeVito/R.E.M.| |11 Dec. 1999| 6.101234567891
25 9 |Jamie Foxx/Blink-182| |8 Jan. 2000| 6.101234567891
25 10 |Freddie Prinze  Jr./Macy Gray| |15 Jan. 2000| 6.601234567891
25 11 |Alan Cumming/Jennifer Lopez| |5 Feb. 2000| 5.701234567891
25 12 |Julianna Margulies/DMX| |12 Feb. 2000| 6.201234567891
25 13 |Ben Affleck/Fiona Apple| |19 Feb. 2000| 6.701234567891
25 14 |Joshua Jackson/'N Sync| |11 Mar. 2000| 6.301234567891
25 15 |The Rock/AC/DC| |18 Mar. 2000| 7.401234567891
25 16 |Christopher Walken/Christina Aguilera| |8 Apr. 2000| 8.101234567891
25 17 |Tobey Maguire/Sisqo| |15 Apr. 2000| 6.901234567891
25 18 |John Goodman/Neil Young| |6 May 2000| 6.201234567891
25 19 |Britney Spears| |13 May 2000| 5.001234567891
25 20 |Jackie Chan/Kid Rock| |20 May 2000| 5.801234567891
26 1 |Rob Lowe/Eminem| |7 Oct. 2000| 6.501234567891
26 2 |Kate Hudson/Radiohead| |14 Oct. 2000| 7.201234567891
26 3 |Dana Carvey/The Wallflowers| |21 Oct. 2000| 5.701234567891
26 4 |Charlize Theron/Paul Simon| |4 Nov. 2000| 5.801234567891
26 5 |Calista Flockhart/Ricky Martin| |11 Nov. 2000| 4.901234567891
26 6 |Tom Green/David Gray| |18 Nov. 2000| 5.301234567891
26 7 |Val Kilmer/U2| |9 Dec. 2000| 6.601234567891
26 8 |Lucy Liu/Jay-Z| |16 Dec. 2000| 5.701234567891
26 9 |Charlie Sheen/Nelly Furtado| |13 Jan. 2001| 5.501234567891
26 10 |Mena Suvari/Lenny Kravitz| |20 Jan. 2001| 5.701234567891
26 11 |Jennifer Lopez| |11 Feb. 2001| 5.301234567891
26 12 |Sean Hayes/Shaggy| |17 Feb. 2001| 6.601234567891
26 13 |Katie Holmes/Dave Matthews Band| |24 Feb. 2001| 5.701234567891
26 14 |Conan O'Brien/Don Henley| |10 Mar. 2001| 7.501234567891
26 15 |Julia Stiles/Aerosmith| |17 Mar. 2001| 6.101234567891
26 16 |Alec Baldwin/Coldplay| |7 Apr. 2001| 6.101234567891
26 17 |bad tite encoding| |14 Apr. 2001| 5.201234567891
26 18 |Pierce Brosnan/Destiny's Child| |5 May 2001| 6.701234567891
26 19 |Lara Flynn Boyle/Bon Jovi| |12 May 2001| 5.801234567891
26 20 |Christopher Walken/Weezer| |19 May 2001| 7.401234567891
27 1 |Reese Witherspoon/Alicia Keys| |29 Sep. 2001| 6.701234567891
27 2 |Seann William Scott/Sum41| |6 Oct. 2001| 7.301234567891
27 3 |Drew Barrymore/Macy Gray| |13 Oct. 2001| 5.701234567891
27 4 |John Goodman/Ja Rule| |3 Nov. 2001| 5.701234567891
27 5 |Gwyneth Paltrow/Ryan Adams| |10 Nov. 2001| 6.001234567891
27 6 |Billy Bob Thornton/Creed| |17 Nov. 2001| 5.301234567891
27 7 |Derek Jeter/Shakira/Bubba Sparxxx| |1 Dec. 2001| 6.601234567891
27 8 |Hugh Jackman/Mick Jagger| |8 Dec. 2001| 6.901234567891
27 9 |Ellen Degeneres/No Doubt| |15 Dec. 2001| 5.901234567891
27 10 |Josh Hartnett/Pink| |12 Jan. 2002| 5.801234567891
27 11 |Jack Black/The Strokes| |19 Jan. 2002| 6.201234567891
27 12 |Britney Spears| |2 Feb. 2002| 6.301234567891
27 13 |Jonny Moseley/Outkast| |2 Mar. 2002| 5.201234567891
27 14 |Jon Stewart/India.Arie| |9 Mar. 2002| 6.201234567891
27 15 |Ian McKellen/Kylie Minogue| |16 Mar. 2002| 7.201234567891
27 16 |Cameron Diaz/Jimmy Eat World| |6 Apr. 2002| 5.901234567891
27 17 |The Rock/Andrew W.K.| |13 Apr. 2002| 5.501234567891
27 18 |Alec Baldwin/P.O.D.| |20 Apr. 2002| 5.901234567891
27 19 |Kirsten Dunst/Eminem| |11 May 2002| 5.901234567891
27 20 |Winona Ryder/Moby| |18 May 2002| 6.601234567891
28 1 |Matt Damon/Bruce Springsteen & The E Street Band| |5 Oct. 2002| 6.301234567891
28 2 |Sarah Michelle Gellar/Faith Hill| |12 Oct. 2002| 6.601234567891
28 3 |Senator John McCain/The White Stripes| |19 Oct. 2002| 5.501234567891
28 4 |Eric McCormack/Jay-Z| |2 Nov. 2002| 5.001234567891
28 5 |Nia Vardalos/Eve| |9 Nov. 2002| 4.701234567891
28 6 |Brittany Murphy/Nelly| |16 Nov. 2002| 5.701234567891
28 7 |Robert De Niro/Norah Jones| |7 Dec. 2002| 5.801234567891
28 8 |Al Gore/Phish| |14 Dec. 2002| 6.101234567891
28 9 |Jeff Gordon/Avril Lavigne| |11 Jan. 2003| 6.101234567891
28 10 |Ray Liotta/The Donnas| |18 Jan. 2003| 5.701234567891
28 11 |Matthew McConaughey/Dixie Chicks| |8 Feb. 2003| 6.001234567891
28 12 |Jennifer Garner/Beck| |15 Feb. 2003| 6.201234567891
28 13 |Christopher Walken/Foo Fighters| |22 Feb. 2003| 6.801234567891
28 14 |Queen Latifah/Ms. Dynamite| |8 Mar. 2003| 4.501234567891
28 15 |Salma Hayek/Christina Aguilera| |15 Mar. 2003| 5.901234567891
28 16 |Bernie Mac/Good Charlotte| |5 Apr. 2003| 4.901234567891
28 17 |Ray Romano/Zwan| |12 Apr. 2003| 5.201234567891
28 18 |Ashton Kutcher/50 Cent| |3 May 2003| 4.501234567891
28 19 |Adrien Brody/Sean Paul & Wayne Wonder| |10 May 2003| 5.701234567891
28 20 |Dan Aykroyd/Beyonce| |17 May 2003| 5.401234567891
29 1 |Jack Black/John Mayer| |4 Oct. 2003| 5.601234567891
29 2 |Justin Timberlake| |11 Oct. 2003| 7.601234567891
29 3 |Halle Berry/Britney Spears| |18 Oct. 2003| 5.401234567891
29 4 |Kelly Ripa/Outkast| |1 Nov. 2003| 5.101234567891
29 5 |Andy Roddick/Dave Matthews| |8 Nov. 2003| 5.101234567891
29 6 |Alec Baldwin/Missy Elliott| |15 Nov. 2003| 6.001234567891
29 7 |Al Sharpton/Pink| |6 Dec. 2003| 4.001234567891
29 8 |Elijah Wood/Jet| |13 Dec. 2003| 6.501234567891
29 9 |Jennifer Aniston/Black Eyed Peas| |10 Jan. 2004| 7.101234567891
29 10 |Jessica Simpson and Nick Lachey/G-Unit| |17 Jan. 2004| 5.401234567891
29 11 |Megan Mullally/Clay Aiken| |7 Feb. 2004| 5.801234567891
29 12 |Drew Barrymore/Kelis| |14 Feb. 2004| 6.201234567891
29 13 |Christina Aguilera/Maroon 5| |28 Feb. 2004| 6.201234567891
29 14 |Colin Firth/Norah Jones| |6 Mar. 2004| 6.401234567891
29 15 |Ben Affleck/N.E.R.D.| |13 Mar. 2004| 5.601234567891
29 16 |Donald Trump/Toots and the Maytals| |3 Apr. 2004| 5.201234567891
29 17 |Janet Jackson| |10 Apr. 2004| 6.001234567891
29 18 |Lindsay Lohan/Usher| |1 May 2004| 7.101234567891
29 19 |Snoop Dogg/Avril Lavigne| |8 May 2004| 5.401234567891
29 20 |Mary-Kate & Ashley Olsen/J-Kwon| |15 May 2004| 5.801234567891
30 1 |Ben Affleck/Nelly| |2 Oct. 2004| 6.801234567891
30 2 |Queen Latifah| |9 Oct. 2004| 5.501234567891
30 3 |Jude Law/Ashlee Simpson| |23 Oct. 2004| 6.401234567891
30 4 |Kate Winslet/Eminem| |30 Oct. 2004| 5.901234567891
30 5 |Liam Neeson/Modest Mouse| |13 Nov. 2004| 6.101234567891
30 6 |Luke Wilson/U2| |20 Nov. 2004| 6.101234567891
30 7 |Colin Farrell/Scissor Sisters| |11 Dec. 2004| 6.201234567891
30 8 |Robert De Niro/Destiny's Child| |18 Dec. 2004| 6.201234567891
30 9 |Topher Grace/The Killers| |15 Jan. 2005| 6.901234567891
30 10 |Paul Giamatti/Ludacris featuring Sum-41| |22 Jan. 2005| 6.101234567891
30 11 |Paris Hilton/Keane| |5 Feb. 2005| 3.801234567891
30 12 |Jason Bateman/Kelly Clarkson| |12 Feb. 2005| 7.201234567891
30 13 |Hilary Swank/50 Cent| |19 Feb. 2005| 5.101234567891
30 14 |David Spade/Jack Johnson| |12 Mar. 2005| 6.101234567891
30 15 |Ashton Kutcher/Gwen Stefani| |19 Mar. 2005| 4.901234567891
30 16 |Cameron Diaz/Green Day| |9 Apr. 2005| 5.701234567891
30 17 |Tom Brady/Beck| |16 Apr. 2005| 6.501234567891
30 18 |Johnny Knoxville/System of a Down| |7 May 2005| 6.101234567891
30 19 |Will Ferrell/Queens of the Stone Age| |14 May 2005| 7.401234567891
30 20 |Lindsay Lohan/Coldplay| |21 May 2005| 5.801234567891
31 1 |Steve Carell/Kanye West| |1 Oct. 2005| 6.401234567891
31 2 |Jon Heder/Ashlee Simpson| |8 Oct. 2005| 5.101234567891
31 3 |Catherine Zeta-Jones/Franz Ferdinand| |22 Oct. 2005| 6.401234567891
31 4 |Lance Armstrong/Sheryl Crow| |29 Oct. 2005| 5.401234567891
31 5 |Jason Lee/Foo Fighters| |12 Nov. 2005| 6.301234567891
31 6 |Eva Longoria/Korn| |19 Nov. 2005| 6.301234567891
31 7 |Dane Cook/James Blunt| |3 Dec. 2005| 5.101234567891
31 8 |Alec Baldwin/Shakira| |10 Dec. 2005| 6.401234567891
31 9 |Jack Black/Neil Young| |17 Dec. 2005| 6.701234567891
31 10 |Scarlett Johansson/Death Cab for Cutie| |14 Jan. 2006| 6.901234567891
31 11 |Peter Sarsgaard/The Strokes| |21 Jan. 2006| 6.701234567891
31 12 |Steve Martin/Prince| |4 Feb. 2006| 7.601234567891
31 13 |Natalie Portman/Fall Out Boy| |4 Mar. 2006| 7.901234567891
31 14 |Matt Dillon/Arctic Monkeys| |11 Mar. 2006| 6.501234567891
31 15 |Antonio Banderas/Mary J. Blige| |8 Apr. 2006| 6.101234567891
31 16 |Lindsay Lohan/Pearl Jam| |15 Apr. 2006| 6.701234567891
31 17 |Tom Hanks/Red Hot Chili Peppers| |6 May 2006| 6.701234567891
31 18 |Julia Louis-Dreyfus/Paul Simon| |13 May 2006| 6.801234567891
31 19 |Kevin Spacey/Nelly Furtado| |20 May 2006| 6.601234567891
32 1 |Dane Cook/The Killers| |30 Sep. 2006| 5.501234567891
32 2 |Jaime Pressly/Corinne Bailey Rae| |7 Oct. 2006| 5.801234567891
32 3 |John C. Reilly/My Chemical Romance| |21 Oct. 2006| 6.801234567891
32 4 |Hugh Laurie/Beck| |28 Oct. 2006| 7.401234567891
32 5 |Alec Baldwin/Christina Aguilera| |11 Nov. 2006| 7.601234567891
32 6 |Chris 'Ludacris' Bridges| |18 Nov. 2006| 6.101234567891
32 7 |Matthew Fox/Tenacious D| |2 Dec. 2006| 7.401234567891
32 8 |Annette Bening/Gwen Stefani/Akon| |9 Dec. 2006| 6.901234567891
32 9 |Justin Timberlake| |16 Dec. 2006| 8.601234567891
32 10 |Jake Gyllenhaal/The Shins| |13 Jan. 2007| 7.801234567891
32 11 |Jeremy Piven/AFI| |20 Jan. 2007| 7.401234567891
32 12 |Drew Barrymore/Lily Allen| |3 Feb. 2007| 7.501234567891
32 13 |Forest Whitaker/Keith Urban| |10 Feb. 2007| 6.701234567891
32 14 |Rainn Wilson/Arcade Fire| |24 Feb. 2007| 7.401234567891
32 15 |Julia Louis-Dreyfus/Snow Patrol| |17 Mar. 2007| 7.301234567891
32 16 |Peyton Manning/Carrie Underwood| |24 Mar. 2007| 8.001234567891
32 17 |Shia LaBeouf/Avril Lavigne| |14 Apr. 2007| 7.501234567891
32 18 |bad tite encoding| |21 Apr. 2007| 7.401234567891
32 19 |Molly Shannon/Linkin Park| |12 May 2007| 7.901234567891
32 20 |Zach Braff/Maroon 5| |19 May 2007| 7.301234567891
33 1 |LeBron James/Kanye West| |29 Sep. 2007| 6.901234567891
33 2 |Seth Rogen/Spoon| |6 Oct. 2007| 7.301234567891
33 3 |Jon Bon Jovi/Foo Fighters| |13 Oct. 2007| 7.201234567891
33 4 |Brian Williams/Feist| |3 Nov. 2007| 7.401234567891
33 5 |Tina Fey/Carrie Underwood| |23 Feb. 2008| 7.901234567891
33 6 |Ellen Page/Wilco| |1 Mar. 2008| 7.401234567891
33 7 |Amy Adams/Vampire Weekend| |8 Mar. 2008| 7.501234567891
33 8 |Jonah Hill/Mariah Carey| |15 Mar. 2008| 6.601234567891
33 9 |Christopher Walken/Panic at the Disco| |5 Apr. 2008| 7.601234567891
33 10 |Ashton Kutcher/Gnarls Barkley| |12 Apr. 2008| 7.001234567891
33 11 |Shia LaBeouf/My Morning Jacket| |10 May 2008| 7.701234567891
33 12 |Steve Carell/Usher| |17 May 2008| 7.601234567891
34 1 |Michael Phelps/Lil' Wayne| |13 Sep. 2008| 6.101234567891
34 2 |James Franco/Kings of Leon| |20 Sep. 2008| 6.801234567891
34 3 |Anna Faris/Duffy| |27 Sep. 2008| 6.601234567891
34 4 |Anne Hathaway/The Killers| |4 Oct. 2008| 7.701234567891
34 5 |Josh Brolin/Adele| |18 Oct. 2008| 7.601234567891
34 6 |Jon Hamm/Coldplay| |25 Oct. 2008| 7.601234567891
34 7 |Ben Affleck/David Cook| |1 Nov. 2008| 7.101234567891
34 8 |bad tite encoding| |15 Nov. 2008| 7.601234567891
34 9 |Tim McGraw/Ludacris/T-Pain| |22 Nov. 2008| 6.501234567891
34 10 |John Malkovich/T.I.| |6 Dec. 2008| 7.501234567891
34 11 |Hugh Laurie/Kanye West| |13 Dec. 2008| 6.401234567891
34 12 |Neil Patrick Harris/Taylor Swift| |10 Jan. 2009| 7.201234567891
34 13 |Rosario Dawson/Fleet Foxes| |17 Jan. 2009| 6.101234567891
34 14 |Steve Martin/Jason Mraz| |31 Jan. 2009| 6.501234567891
34 15 |Bradley Cooper/TV on the Radio| |7 Feb. 2009| 6.601234567891
34 16 |Alec Baldwin/Jonas Brothers| |14 Feb. 2009| 6.801234567891
34 17 |Dwayne Johnson/Ray LaMontagne| |7 Mar. 2009| 7.601234567891
34 18 |Tracy Morgan/Kelly Clarkson| |14 Mar. 2009| 6.401234567891
34 19 |Seth Rogen/Phoenix| |4 Apr. 2009| 6.401234567891
34 20 |Zac Efron/Yeah Yeah Yeahs| |11 Apr. 2009| 6.801234567891
34 21 |Justin Timberlake/Ciara| |9 May 2009| 8.201234567891
34 22 |Will Ferrell/Green Day| |16 May 2009| 7.801234567891
35 1 |Megan Fox/U2| |26 Sep. 2009| 6.401234567891
35 2 |Ryan Reynolds/Lady Gaga| |3 Oct. 2009| 7.301234567891
35 3 |Drew Barrymore/Regina Spektor| |10 Oct. 2009| 6.201234567891
35 4 |Gerard Butler/Shakira| |17 Oct. 2009| 7.101234567891
35 5 |Taylor Swift| |7 Nov. 2009| 7.301234567891
35 6 |January Jones/Black Eyed Peas| |14 Nov. 2009| 4.801234567891
35 7 |Joseph Gordon-Levitt/Dave Matthews Band| |21 Nov. 2009| 7.401234567891
35 8 |Blake Lively/Rihanna| |5 Dec. 2009| 6.701234567891
35 9 |Taylor Lautner/Bon Jovi| |12 Dec. 2009| 5.901234567891
35 10 |James Franco/Muse| |19 Dec. 2009| 7.001234567891
35 11 |Charles Barkley/Alicia Keys| |9 Jan. 2010| 6.101234567891
35 12 |Sigourney Weaver/The Ting Tings| |16 Jan. 2010| 6.501234567891
35 13 |bad tite encoding| |30 Jan. 2010| 7.401234567891
35 14 |Ashton Kutcher/Them Crooked Vultures| |6 Feb. 2010| 6.201234567891
35 15 |Jennifer Lopez| |27 Feb. 2010| 6.301234567891
35 16 |Zach Galifianakis/Vampire Weekend| |6 Mar. 2010| 7.901234567891
35 17 |Jude Law/Pearl Jam| |13 Mar. 2010| 6.601234567891
35 18 |Tina Fey/Justin Bieber| |10 Apr. 2010| 7.501234567891
35 19 |Ryan Phillippe/Ke$ha| |17 Apr. 2010| 6.401234567891
35 20 |Gabourey Sidibe/MGMT| |24 Apr. 2010| 5.901234567891
35 21 |Betty White/Jay-Z| |8 May 2010| 8.801234567891
35 22 |Alec Baldwin/Tom Petty & the Heartbreakers| |15 May 2010| 7.001234567891
36 1 |Amy Poehler/Katy Perry| |25 Sep. 2010| 7.501234567891
36 2 |Bryan Cranston/Kanye West| |2 Oct. 2010| 7.001234567891
36 3 |Jane Lynch/Bruno Mars| |9 Oct. 2010| 6.501234567891
36 4 |Emma Stone/Kings of Leon| |23 Oct. 2010| 7.401234567891
36 5 |Jon Hamm/Rihanna| |30 Oct. 2010| 6.801234567891
36 6 |Scarlett Johansson/Arcade Fire| |13 Nov. 2010| 6.601234567891
36 7 |Anne Hathaway/Florence and the Machine| |20 Nov. 2010| 7.101234567891
36 8 |Robert De Niro/Diddy-Dirty Money| |4 Dec. 2010| 6.001234567891
36 9 |Paul Rudd/Paul McCartney| |11 Dec. 2010| 6.701234567891
36 10 |Jeff Bridges/Eminem and Lil Wayne| |18 Dec. 2010| 6.301234567891
36 11 |Jim Carrey/The Black Keys| |8 Jan. 2011| 7.501234567891
36 12 |Gwyneth Paltrow/Cee Lo Green| |15 Jan. 2011| 6.501234567891
36 13 |Jesse Eisenberg/Nicki Minaj| |29 Jan. 2011| 7.301234567891
36 14 |Dana Carvey/Linkin Park| |5 Feb. 2011| 7.401234567891
36 15 |Russell Brand/Chris Brown| |12 Feb. 2011| 6.101234567891
36 16 |Miley Cyrus/The Strokes| |5 Mar. 2011| 6.601234567891
36 17 |Zach Galifianakis/Jessie J| |12 Mar. 2011| 7.401234567891
36 18 |Elton John/Leon Russell| |2 Apr. 2011| 6.501234567891
36 19 |Helen Mirren/Foo Fighters| |9 Apr. 2011| 6.401234567891
36 20 |Tina Fey/Ellie Goulding| |7 May 2011| 7.101234567891
36 21 |Ed Helms/Paul Simon| |14 May 2011| 6.401234567891
36 22 |Justin Timberlake/Lady Gaga| |21 May 2011| 8.501234567891
37 1 |Alec Baldwin/Radiohead| |24 Sep. 2011| 7.401234567891
37 2 |Melissa McCarthy/Lady Antebellum| |1 Oct. 2011| 7.601234567891
37 3 |Ben Stiller/Foster the People| |8 Oct. 2011| 7.301234567891
37 4 |Anna Faris/Drake| |15 Oct. 2011| 6.101234567891
37 5 |Charlie Day/Maroon 5| |5 Nov. 2011| 7.301234567891
37 6 |Emma Stone/Coldplay| |12 Nov. 2011| 7.501234567891
37 7 |Jason Segel/Florence and the Machine| |19 Nov. 2011| 7.601234567891
37 8 |Steve Buscemi/The Black Keys| |3 Dec. 2011| 6.901234567891
37 9 |Katy Perry/Robyn| |10 Dec. 2011| 7.301234567891
37 10 |bad tite encoding| |17 Dec. 2011| 8.501234567891
37 11 |Charles Barkley/Kelly Clarkson| |7 Jan. 2012| 5.801234567891
37 12 |Daniel Radcliffe/Lana Del Rey| |14 Jan. 2012| 6.601234567891
37 13 |Channing Tatum/Bon Iver| |4 Feb. 2012| 6.301234567891
37 14 |Zooey Deschanel/Karmin| |11 Feb. 2012| 7.701234567891
37 15 |Maya Rudolph/Sleigh Bells| |18 Feb. 2012| 8.201234567891
37 16 |Lindsay Lohan/Jack White| |3 Mar. 2012| 6.001234567891
37 17 |Jonah Hill/The Shins| |10 Mar. 2012| 7.201234567891
37 18 |bad tite encoding| |7 Apr. 2012| 7.501234567891
37 19 |Josh Brolin/Gotye| |14 Apr. 2012| 6.901234567891
37 20 |Eli Manning/Rihanna| |5 May 2012| 6.501234567891
37 21 |Will Ferrell/Usher| |12 May 2012| 7.701234567891
37 22 |Mick Jagger| |19 May 2012| 7.901234567891
38 1 |Seth MacFarlane/Frank Ocean| |15 Sep. 2012| 7.901234567891
38 2 |Joseph Gordon-Levitt/Mumford & Sons| |22 Sep. 2012| 7.201234567891
38 3 |Daniel Craig/Muse| |6 Oct. 2012| 6.201234567891
38 4 |Christina Applegate/Passion Pit| |13 Oct. 2012| 6.901234567891
38 5 |Bruno Mars| |20 Oct. 2012| 7.601234567891
38 6 |Louis C.K./Fun| |3 Nov. 2012| 7.501234567891
38 7 |Anne Hathaway/Rihanna| |10 Nov. 2012| 7.601234567891
38 8 |Jeremy Renner/Maroon 5| |17 Nov. 2012| 6.801234567891
38 9 |Jamie Foxx/Ne-Yo| |8 Dec. 2012| 6.601234567891
38 10 |Martin Short/Paul McCartney| |15 Dec. 2012| 7.801234567891
38 11 |Jennifer Lawrence/The Lumineers| |19 Jan. 2013| 7.001234567891
38 12 |Adam Levine/Kendrick Lamar| |26 Jan. 2013| 6.601234567891
38 13 |Justin Bieber| |9 Feb. 2013| 4.301234567891
38 14 |Christoph Waltz/Alabama Shakes| |16 Feb. 2013| 7.301234567891
38 15 |Kevin Hart/Macklemore & Ryan Lewis| |2 Mar. 2013| 6.601234567891
38 16 |Justin Timberlake| |9 Mar. 2013| 8.601234567891
38 17 |Melissa McCarthy/Phoenix| |6 Apr. 2013| 7.201234567891
38 18 |Vince Vaughn/Miguel| |13 Apr. 2013| 5.601234567891
38 19 |Zach Galifianakis/Of Monsters and Men| |4 May 2013| 7.601234567891
38 20 |Kristen Wiig/Vampire Weekend| |11 May 2013| 7.501234567891
38 21 |Ben Affleck/Kanye West| |18 May 2013| 7.601234567891
39 1 |Tina Fey/Arcade Fire| |28 Sep. 2013| 7.601234567891
39 2 |Miley Cyrus| |5 Oct. 2013| 6.401234567891
39 3 |Bruce Willis/Katy Perry| |12 Oct. 2013| 6.501234567891
39 4 |Edward Norton/Janelle Monae| |26 Oct. 2013| 7.201234567891
39 5 |Kerry Washington/Eminem| |2 Nov. 2013| 7.701234567891
39 6 |Lady Gaga| |16 Nov. 2013| 7.801234567891
39 7 |Josh Hutcherson/HAIM| |23 Nov. 2013| 7.601234567891
39 8 |Paul Rudd/One Direction| |7 Dec. 2013| 7.201234567891
39 9 |John Goodman/Kings of Leon| |14 Dec. 2013| 7.301234567891
39 10 |Jimmy Fallon/Justin Timberlake| |21 Dec. 2013| 8.801234567891
39 11 Drake |18 Jan. 2014| 7.101234567891
39 12 |Jonah Hill/Bastille| |25 Jan. 2014| 7.301234567891
39 13 |Melissa McCarthy/Imagine Dragons| |1 Feb. 2014| 6.501234567891
39 14 |Jim Parsons/Beck| |1 Mar. 2014| 6.001234567891
39 15 |Lena Dunham/The National| |8 Mar. 2014| 6.101234567891
39 16 |Louis C.K./Sam Smith| |29 Mar. 2014| 7.301234567891
39 17 |Anna Kendrick/Pharrell Williams| |5 Apr. 2014| 7.601234567891
39 18 |Seth Rogen/Ed Sheeran| |12 Apr. 2014| 6.501234567891
39 19 |Andrew Garfield/Coldplay| |3 May 2014| 7.501234567891
39 20 |Charlize Theron/The Black Keys| |10 May 2014| 6.301234567891
39 21 |Andy Samberg/St. Vincent| |17 May 2014| 8.001234567891
40 1 |Chris Pratt/Ariana Grande| |27 Sep. 2014| 6.801234567891
40 2 |Sarah Silverman/Maroon 5| |4 Oct. 2014| 6.801234567891
40 3 |Bill Hader/Hozier| |11 Oct. 2014| 8.201234567891
40 4 |Jim Carrey/Iggy Azalea| |25 Oct. 2014| 7.701234567891
40 5 |Chris Rock/Prince| |1 Nov. 2014| 6.301234567891
40 6 |Woody Harrelson/Kendrick Lamar| |15 Nov. 2014| 7.401234567891
40 7 |Cameron Diaz/Mark Ronson & Bruno Mars| |22 Nov. 2014| 6.301234567891
40 8 |James Franco/Nicki Minaj| |6 Dec. 2014| 6.501234567891
40 9 |Martin Freeman/Charli XCX| |13 Dec. 2014| 7.601234567891
40 10 |Amy Adams/One Direction| |20 Dec. 2014| 7.101234567891
40 11 |Kevin Hart/Sia| |17 Jan. 2015| 6.901234567891
40 12 |Blake Shelton| |25 Jan. 2015| 5.901234567891
40 13 |J.K. Simmons/D'Angelo| |31 Jan. 2015| 7.301234567891
40 14 |Dakota Johnson/Alabama Shakes| |28 Feb. 2015| 6.101234567891
40 15 |Chris Hemsworth/Zac Brown Band| |7 Mar. 2015| 7.401234567891
40 16 |Dwayne Johnson/George Ezra| |28 Mar. 2015| 8.101234567891
40 17 |Michael Keaton/Carly Rae Jepsen| |4 Apr. 2015| 7.501234567891
40 18 |Taraji P. Henson/Mumford & Sons| |11 Apr. 2015| 5.901234567891
40 19 |Scarlett Johansson/Wiz Khalifa| |2 May 2015| 6.501234567891
40 20 |Reese Witherspoon/Florence + the Machine| |9 May 2015| 6.301234567891
40 21 |Louis C.K./Rihanna| |16 May 2015| 7.301234567891
41 1 |Miley Cyrus| |3 Oct. 2015| 6.301234567891
41 2 |Amy Schumer/The Weeknd| |10 Oct. 2015| 6.801234567891
41 3 |Tracy Morgan/Demi Lovato| |17 Oct. 2015| 7.501234567891
41 4 |Donald Trump/Sia| |7 Nov. 2015| 3.401234567891
41 5 |Elizabeth Banks/Disclosure| |14 Nov. 2015| 6.901234567891
41 6 |Matthew McConaughey/Adele| |21 Nov. 2015| 7.401234567891
41 7 |Ryan Gosling/Leon Bridges| |5 Dec. 2015| 7.901234567891
41 8 |Chris Hemsworth/Chance The Rapper| |12 Dec. 2015| 6.501234567891
41 9 |Tina Fey & Amy Poehler/Bruce Springsteen and the E Street Band| |19 Dec. 2015| 7.701234567891
41 10 |Adam Driver/Chris Stapleton| |16 Jan. 2016| 7.501234567891
41 11 |Ronda Rousey/Selena Gomez| |23 Jan. 2016| 6.001234567891
41 12 |Larry David/The 1975| |6 Feb. 2016| 8.201234567891
41 13 |Melissa McCarthy/Kanye West| |13 Feb. 2016| 6.401234567891
41 14 |Jonah Hill/Future| |5 Mar. 2016| 5.601234567891
41 15 |Ariana Grande| |12 Mar. 2016| 8.001234567891
41 16 |Peter Dinklage/Gwen Stefani| |2 Apr. 2016| 7.101234567891
41 17 |Russell Crowe/Margo Price| |9 Apr. 2016| 5.501234567891
41 18 |Julia Louis-Dreyfus/Nick Jonas| |16 Apr. 2016| 6.401234567891
41 19 |Brie Larson/Alicia Keys| |7 May 2016| 6.201234567891
41 20 Drake |14 May 2016| 6.101234567891
41 21 |Fred Armisen/Courtney Barnett| |21 May 2016| 7.601234567891
42 1 |Margot Robbie/The Weeknd| |1 Oct. 2016| 7.601234567891
42 2 |Lin-Manuel Miranda/Twenty One Pilots| |8 Oct. 2016| 7.601234567891
42 3 |Emily Blunt/Bruno Mars| |15 Oct. 2016| 6.301234567891
42 4 |Tom Hanks/Lady Gaga| |22 Oct. 2016| 8.101234567891
42 5 |Benedict Cumberbatch/Solange| |5 Nov. 2016| 6.501234567891
42 6 |Dave Chappelle/A Tribe Called Quest| |12 Nov. 2016| 8.001234567891
42 7 |Kristen Wiig/The XX| |19 Nov. 2016| 6.501234567891
42 8 |Emma Stone/Shawn Mendes| |3 Dec. 2016| 6.901234567891
42 9 |John Cena/Maren Morris| |10 Dec. 2016| 6.201234567891
42 10 |Casey Affleck/Chance the Rapper| |17 Dec. 2016| 6.701234567891
42 11 |Felicity Jones/Sturgill Simpson| |14 Jan. 2017| 5.401234567891
42 12 |Aziz Ansari/Big Sean| |21 Jan. 2017| 7.101234567891
42 13 |Kristen Stewart/Alessia Cara| |4 Feb. 2017| 8.001234567891
42 14 |Alec Baldwin/Ed Sheeran| |11 Feb. 2017| 6.901234567891
42 15 |Octavia Spencer/Father John Misty| |4 Mar. 2017| 5.601234567891
42 16 |Scarlett Johansson/Lorde| |11 Mar. 2017| 6.901234567891
42 17 |Louis C.K./The Chainsmokers| |8 Apr. 2017| 7.501234567891
42 18 |Jimmy Fallon/Harry Styles| |15 Apr. 2017| 6.601234567891
42 19 |Chris Pine/LCD Soundsystem| |6 May 2017| 6.201234567891
42 20 |Melissa McCarthy/Haim| |13 May 2017| 6.701234567891
42 21 |Dwayne Johnson/Katy Perry| |20 May 2017| 7.401234567891
43 1 |Ryan Gosling/Jay-Z| |30 Sep. 2017| 7.001234567891
43 2 |Gal Gadot/Sam Smith| |7 Oct. 2017| 6.601234567891
43 3 |Kumail Nanjiani/P!nk| |14 Oct. 2017| 7.101234567891
43 4 |Larry David/Miley Cyrus| |4 Nov. 2017| 6.501234567891
43 5 |Tiffany Haddish/Taylor Swift| |11 Nov. 2017| 6.501234567891
43 6 |Chance the Rapper/Eminem| |18 Nov. 2017| 6.801234567891
43 7 |Saoirse Ronan/U2| |2 Dec. 2017| 6.601234567891
43 8 |James Franco/SZA| |9 Dec. 2017| 7.101234567891
43 9 |Kevin Hart/Foo Fighters| |16 Dec. 2017| 6.101234567891
43 10 |Sam Rockwell/Halsey| |13 Jan. 2018| 7.201234567891
43 11 |Jessica Chastain/Troye Sivan| |20 Jan. 2018| 6.301234567891
43 12 |Will Ferrell/Chris Stapleton| |27 Jan. 2018| 7.201234567891
43 13 |Natalie Portman/Dua Lipa| |3 Feb. 2018| 7.301234567891
43 14 |Charles Barkley/Migos| |3 Mar. 2018| 5.501234567891
43 15 |Sterling K. Brown/James Bay| |10 Mar. 2018| 6.801234567891
43 16 |Bill Hader/Arcade Fire| |17 Mar. 2018| 8.101234567891
43 17 |Chadwick Boseman/Cardi B| |7 Apr. 2018| 6.401234567891
43 18 |John Mulaney/Jack White| |14 Apr. 2018| 7.501234567891
43 19 |Donald Glover/Childish Gambino| |5 May 2018| 8.001234567891
43 20 |Amy Schumer/Kacey Musgraves| |12 May 2018| 5.301234567891
43 21 |Tina Fey/Nicki Minaj| |19 May 2018| 6.401234567891
44 1 |Adam Driver/Kanye West| |29 Sep. 2018| 6.201234567891
44 2 |Awkwafina/Travis Scott| |6 Oct. 2018| 5.001234567891
44 3 |Seth Meyers/Paul Simon| |13 Oct. 2018| 6.101234567891
44 4 |Jonah Hill/Maggie Rogers| |3 Nov. 2018| 6.401234567891
44 5 |Liev Schreiber/Li'l Wayne| |10 Nov. 2018| 6.801234567891
44 6 |Steve Carell/Ella Mai| |17 Nov. 2018| 6.501234567891
44 7 |Claire Foy/Anderson .Paak| |1 Dec. 2018| 6.301234567891
44 8 |Jason Momoa/Mumford & Sons| |8 Dec. 2018| 6.401234567891
44 9 |Matt Damon/Mark Ronson and Miley Cyrus| |15 Dec. 2018| 7.201234567891
44 10 |Rachel Brosnahan/Greta Van Fleet| |19 Jan. 2019| 6.301234567891
44 11 |James McAvoy/Meek Mill| |26 Jan. 2019| 7.001234567891
44 12 Halsey |9 Feb. 2019| 7.001234567891
44 13 |Don Cheadle/Gary Clark Jr.| |16 Feb. 2019| 6.601234567891
44 14 |John Mulaney/Thomas Rhett| |2 Mar. 2019| 8.201234567891
44 15 |Idris Elba/Khalid| |9 Mar. 2019| 6.401234567891
44 16 |Sandra Oh/Tame Impala| |30 Mar. 2019| 6.401234567891
44 17 |Kit Harington/Sara Bareilles| |6 Apr. 2019| 6.701234567891
44 18 |Emma Stone/BTS| |13 Apr. 2019| 6.201234567891
44 19 |Adam Sandler/Shawn Mendes| |4 May 2019| 8.401234567891
44 20 |Emma Thompson/Jonas Brothers| |11 May 2019| 6.801234567891
44 21 |Paul Rudd/DJ Khaled| |18 May 2019| 6.601234567891
45 1 |Woody Harrelson/Billie Eilish| |28 Sep. 2019| 6.701234567891
45 2 |Phoebe Waller-Bridge/Taylor Swift| |5 Oct. 2019| 7.201234567891
45 3 |David Harbour/Camila Cabello| |12 Oct. 2019| 7.001234567891
45 4 |Chance the Rapper| |26 Oct. 2019| 7.301234567891
45 5 |Kristen Stewart/Coldplay| |2 Nov. 2019| 6.001234567891
45 6 |Harry Styles| |16 Nov. 2019| 7.101234567891
45 7 |Will Ferrell/King Princess| |23 Nov. 2019| 7.701234567891
45 8 |Jennifer Lopez/DaBaby| |7 Dec. 2019| 6.001234567891
45 9 |Scarlett Johansson/Niall Horan| |14 Dec. 2019| 6.601234567891
45 10 |Eddie Murphy/Lizzo| |21 Dec. 2019| 8.901234567891
45 11 |Adam Driver/Halsey| |25 Jan. 2020| 7.801234567891
45 12 |JJ Watt/Luke Combs| |1 Feb. 2020| 6.201234567891
45 13 |RuPaul/Justin Bieber| |8 Feb. 2020| 6.001234567891
45 14 |John Mulaney/David Byrne| |29 Feb. 2020| 7.601234567891
45 15 |Daniel Craig/The Weeknd| |7 Mar. 2020| 7.201234567891
45 16 |Saturday Night Live at Home| |11 Apr. 2020| 0
