1 1 |Chapter 1: The Old Grist Mill| |3 Nov. 2014| 8.101234567891
1 2 |Chapter 2: Hard Times at the Huskin' Bee| |3 Nov. 2014| 8.501234567891
1 3 |Chapter 3: Schooltown Follies| |4 Nov. 2014| 7.901234567891
1 4 |Chapter 4: Songs of the Dark Lantern| |4 Nov. 2014| 8.401234567891
1 5 |Chapter 5: Mad Love| |5 Nov. 2014| 8.101234567891
1 6 |Chapter 6: Lullaby in Frogland| |5 Nov. 2014| 8.601234567891
1 7 |Chapter 7: The Ringing of the Bell| |6 Nov. 2014| 8.901234567891
1 8 |Chapter 8: Babes in the Woods| |6 Nov. 2014| 8.201234567891
1 9 |Chapter 9: Into the Unknown| |7 Nov. 2014| 9.201234567891
1 10 |Chapter 10: The Unknown| |7 Nov. 2014| 9.501234567891
